id,user_id,created_at,updated_at,created_by,updated_by
1,405,11/6/2023,9/15/2023,jmacairt0,jwreath0
2,367,12/5/2023,2/14/2023,sjanton1,fbullerwell1
3,930,5/2/2023,7/15/2023,fjozefowicz2,mossenna2
4,952,5/17/2023,3/25/2023,dhuggons3,nmalthus3
5,309,11/11/2023,11/18/2023,whayne4,wlillgard4
6,977,7/2/2023,6/23/2023,cgilardi5,afairlamb5
7,181,9/11/2023,7/21/2023,ghayworth6,mfoulsham6
8,434,1/20/2024,1/13/2024,igilloran7,dtod7
9,569,6/1/2023,6/16/2023,kesler8,hnorcott8
10,521,2/23/2023,2/5/2023,hleehane9,abottlestone9
11,548,9/10/2023,8/13/2023,scurrana,sthornhama
12,591,10/12/2023,10/26/2023,bgabbitisb,rcossingtonb
13,242,6/3/2023,7/20/2023,lmatusc,sstanyforthc
14,730,7/15/2023,12/19/2023,gotsond,bclaird
15,417,11/3/2023,8/17/2023,vbrendekee,fdrinkelde
16,129,3/16/2023,3/30/2023,wmacrof,mnuddsf
17,258,3/12/2023,12/23/2023,jfarndellg,tbouttellg
18,784,12/22/2023,2/8/2023,ndebruynh,nescaleh
19,617,6/25/2023,8/28/2023,hphilimorei,pcullinanei
20,674,1/16/2024,5/15/2023,dhallwardj,esheldonj
21,85,10/20/2023,2/21/2023,slammertk,rgimberk
22,270,11/2/2023,12/11/2023,rluipoldl,ftschirschkyl
23,371,7/4/2023,2/9/2023,wcolthardm,lgergoletm
24,185,9/21/2023,12/25/2023,ohabbonn,ebeahann
25,456,9/2/2023,2/2/2024,nesterbrooko,phabbleo
26,969,2/6/2023,7/17/2023,msemmencep,vderxp
27,983,6/9/2023,6/1/2023,kricartq,jornelesq
28,780,5/27/2023,6/9/2023,hhadlowr,cfloyder
29,479,12/4/2023,8/30/2023,skeddys,cbutlands
30,927,6/16/2023,12/26/2023,wyettont,samert
31,876,12/26/2023,10/15/2023,slaitu,gvarnsu
32,592,6/27/2023,1/23/2024,igeibelv,gbeautymanv
33,893,4/2/2023,5/7/2023,lwadleyw,alambdinw
34,654,10/26/2023,12/9/2023,fbassanox,meynaldx
35,797,9/15/2023,11/12/2023,pavrahamoffy,rspridgeony
36,889,6/10/2023,4/28/2023,tbutnerz,ldudhillz
37,641,10/15/2023,9/15/2023,caudritt10,bevery10
38,985,12/15/2023,5/31/2023,gbernli11,gmarkwick11
39,759,6/10/2023,2/22/2023,sbosch12,vanthoine12
40,581,3/3/2023,6/11/2023,istreader13,laxford13
41,233,5/30/2023,10/5/2023,gbrigg14,slumsdale14
42,390,10/3/2023,5/10/2023,mbiaggetti15,owintour15
43,494,10/24/2023,11/29/2023,ilowey16,gcorey16
44,658,9/22/2023,6/2/2023,maddams17,cjeffcoat17
45,138,5/23/2023,4/1/2023,trebanks18,dcadwell18
46,275,7/17/2023,2/19/2023,jshaddick19,mshenley19
47,946,12/6/2023,8/4/2023,vdenver1a,jcurzon1a
48,774,2/13/2023,6/23/2023,hweddeburnscrimgeour1b,nfruen1b
49,387,5/5/2023,3/9/2023,gimlaw1c,colenikov1c
50,779,7/18/2023,2/4/2024,boverstreet1d,afolder1d
51,909,8/9/2023,10/27/2023,bcollett1e,dklimek1e
52,26,10/8/2023,10/10/2023,fheliar1f,jpretsell1f
53,104,3/31/2023,11/7/2023,dpumfrett1g,mmeth1g
54,470,9/14/2023,9/3/2023,wbambrough1h,ahawarden1h
55,82,5/15/2023,12/27/2023,nbromige1i,ilube1i
56,383,6/15/2023,2/3/2024,lcharlin1j,djacmard1j
57,997,7/2/2023,2/24/2023,wgreenway1k,cgonin1k
58,637,2/2/2024,1/10/2024,cnortham1l,gcherry1l
59,261,10/21/2023,3/18/2023,jtallman1m,hmaggillandreis1m
60,550,1/23/2024,12/19/2023,cellingham1n,lgunthorpe1n
61,728,8/30/2023,5/18/2023,rdowson1o,lwhisson1o
62,928,2/1/2024,3/11/2023,tsargent1p,aduval1p
63,284,2/5/2023,9/14/2023,rkoppens1q,trobbins1q
64,341,12/15/2023,10/28/2023,dabramcik1r,lmatuszak1r
65,537,4/12/2023,7/22/2023,dstenyng1s,amoralis1s
66,513,1/21/2024,8/18/2023,dbloore1t,bhailwood1t
67,358,4/16/2023,1/30/2024,rcoen1u,atarbath1u
68,545,10/31/2023,2/14/2023,fausiello1v,ccourvert1v
69,259,8/1/2023,7/10/2023,ptomley1w,kransfield1w
70,629,1/18/2024,11/14/2023,kshuttleworth1x,jartinstall1x
71,334,8/7/2023,3/20/2023,lgildersleeve1y,tlydall1y
72,431,7/3/2023,4/27/2023,gpickthorne1z,wburfitt1z
73,224,6/10/2023,7/8/2023,bpurvey20,shuleatt20
74,910,8/15/2023,5/14/2023,tdundredge21,pomurtagh21
75,11,1/4/2024,1/20/2024,aweek22,ecowdroy22
76,119,6/1/2023,11/13/2023,bpetris23,epittwood23
77,661,4/7/2023,8/10/2023,ghauck24,mworner24
78,289,4/5/2023,5/21/2023,ccristofol25,mhillum25
79,930,1/3/2024,12/9/2023,scoulling26,msleicht26
80,975,12/23/2023,12/26/2023,islopier27,hmidson27
81,225,7/8/2023,9/29/2023,fzink28,cpeidro28
82,713,5/30/2023,1/29/2024,fblagden29,ovida29
83,515,1/16/2024,2/14/2023,credhills2a,ctarbard2a
84,304,1/31/2024,8/1/2023,hgeerdts2b,lperacco2b
85,106,10/19/2023,12/25/2023,otrevethan2c,bhammett2c
86,441,10/24/2023,4/5/2023,glakeman2d,bbarradell2d
87,841,10/11/2023,8/31/2023,kmanneville2e,jbeves2e
88,838,8/4/2023,9/1/2023,bpearson2f,kboydon2f
89,237,5/26/2023,12/26/2023,mradmer2g,mgabe2g
90,330,6/21/2023,2/9/2023,agerard2h,jors2h
91,824,1/6/2024,9/2/2023,fateggart2i,jmacteague2i
92,228,1/12/2024,1/3/2024,lbainton2j,pbeadnell2j
93,882,2/3/2024,8/9/2023,sdelabarre2k,gosmon2k
94,231,2/13/2023,6/16/2023,tmaskrey2l,ftrudgeon2l
95,993,9/24/2023,3/7/2023,emacknocker2m,aharwood2m
96,773,6/3/2023,12/26/2023,hconnar2n,kzambonini2n
97,548,1/15/2024,12/17/2023,barnley2o,acathersides2o
98,317,5/12/2023,7/11/2023,bbellerby2p,bwones2p
99,152,3/7/2023,5/7/2023,bwalkington2q,jwelberry2q
100,977,4/16/2023,9/29/2023,inormandale2r,msoda2r
101,20,1/22/2024,6/16/2023,jleathe2s,jwarlowe2s
102,934,10/30/2023,2/5/2023,rgoaley2t,aagnew2t
103,652,2/18/2023,5/14/2023,shalpin2u,dnoore2u
104,266,1/26/2024,1/8/2024,tlambden2v,eedmondson2v
105,588,7/31/2023,11/7/2023,kbande2w,ldolton2w
106,313,12/12/2023,12/13/2023,eabells2x,cgetch2x
107,40,3/19/2023,3/2/2023,hbril2y,akwietek2y
108,9,12/25/2023,7/9/2023,khazelgrove2z,bjanousek2z
109,65,9/14/2023,8/18/2023,rloweth30,vmalby30
110,200,4/3/2023,7/15/2023,cgoodlud31,nmolesworth31
111,326,3/2/2023,6/26/2023,mrabl32,ashilvock32
112,378,12/8/2023,12/1/2023,csteanson33,adinwoodie33
113,308,1/21/2024,7/2/2023,skubista34,lmirralls34
114,100,7/1/2023,5/6/2023,ggaffon35,hcasterot35
115,349,2/8/2023,3/26/2023,atolmie36,sfirk36
116,147,12/21/2023,2/9/2023,slandon37,ccrowdy37
117,520,4/27/2023,6/27/2023,cbushell38,vdowell38
118,676,8/20/2023,12/6/2023,tbeckenham39,fsawart39
119,796,10/13/2023,1/31/2024,rtrowbridge3a,bmccrisken3a
120,782,6/7/2023,3/3/2023,ekilford3b,dcornewall3b
121,438,6/8/2023,11/15/2023,ssparsholt3c,aiggo3c
122,142,2/14/2023,4/7/2023,bstarling3d,tpuddephatt3d
123,951,12/18/2023,7/8/2023,gdreghorn3e,rpellingar3e
124,309,3/4/2023,5/14/2023,jmacgeaney3f,rwickens3f
125,448,10/10/2023,7/13/2023,gvaldes3g,krunnacles3g
126,790,2/20/2023,4/23/2023,jfardell3h,elower3h
127,491,8/7/2023,11/1/2023,asilvermann3i,roakenford3i
128,640,12/27/2023,5/25/2023,abakhrushkin3j,mgasken3j
129,612,1/4/2024,7/27/2023,csandyford3k,mcurnucke3k
130,70,9/4/2023,8/15/2023,jramas3l,bbuggy3l
131,398,1/31/2024,2/2/2024,kearie3m,rmosdill3m
132,120,9/22/2023,7/23/2023,tbram3n,wdaintier3n
133,394,5/18/2023,6/20/2023,mshelper3o,ngallifont3o
134,133,3/10/2023,6/29/2023,icrose3p,dsowersby3p
135,12,5/12/2023,6/16/2023,vdyde3q,bbultitude3q
136,320,1/23/2024,9/12/2023,elowdwell3r,rjakubovics3r
137,329,12/19/2023,4/14/2023,pwrates3s,benoksson3s
138,300,1/6/2024,3/26/2023,othackwray3t,hmccoid3t
139,221,2/14/2023,8/24/2023,cmusker3u,rgero3u
140,392,2/11/2023,1/18/2024,cmaling3v,sleabeater3v
141,782,1/28/2024,12/26/2023,evandale3w,abaford3w
142,327,5/25/2023,4/11/2023,eslocket3x,blook3x
143,161,7/9/2023,2/9/2023,hpaley3y,darpino3y
144,53,4/7/2023,8/11/2023,djanatka3z,amcelwee3z
145,124,6/19/2023,2/25/2023,rmcginnell40,wbooeln40
146,982,12/29/2023,5/30/2023,kprandoni41,ctowe41
147,799,2/24/2023,6/14/2023,jedmundson42,kcorro42
148,554,10/16/2023,4/30/2023,ahavile43,gedgin43
149,916,5/4/2023,7/19/2023,bdenzilow44,egaylard44
150,900,9/17/2023,4/8/2023,msollam45,cbesset45
151,719,5/1/2023,6/18/2023,mduckfield46,tcheyenne46
152,418,1/3/2024,9/13/2023,cshwalbe47,mmusslewhite47
153,396,1/28/2024,3/24/2023,ctremontana48,etropman48
154,967,11/16/2023,11/27/2023,hmoran49,bchalcroft49
155,972,12/18/2023,2/13/2023,npulford4a,echaikovski4a
156,499,1/19/2024,11/11/2023,imalcolmson4b,aupshall4b
157,921,2/26/2023,9/14/2023,gpepper4c,kregorz4c
158,939,6/14/2023,12/25/2023,ctremberth4d,fbinge4d
159,752,3/5/2023,7/30/2023,pcromar4e,nscarlon4e
160,983,4/3/2023,11/3/2023,spiperley4f,hturmel4f
161,250,7/20/2023,11/13/2023,lduffree4g,agunningham4g
162,438,4/4/2023,2/14/2023,dgremane4h,mgebbe4h
163,474,7/19/2023,5/2/2023,fbordis4i,vchessman4i
164,556,3/18/2023,5/26/2023,jmantrup4j,ecotsford4j
165,515,8/14/2023,1/19/2024,lweatherill4k,pbuddock4k
166,37,1/24/2024,12/1/2023,relgie4l,creay4l
167,269,2/26/2023,4/26/2023,cruddick4m,jcomiskey4m
168,813,3/11/2023,4/22/2023,ccheng4n,sdagnall4n
169,859,12/10/2023,5/20/2023,mtruluck4o,jpettengell4o
170,60,4/26/2023,10/31/2023,tmichel4p,vodgers4p
171,717,3/8/2023,9/5/2023,nghiraldi4q,dlegood4q
172,241,2/17/2023,9/27/2023,cgeist4r,aahlin4r
173,931,10/18/2023,12/31/2023,cwinton4s,snilges4s
174,777,1/30/2024,5/24/2023,livashnikov4t,sbleacher4t
175,131,12/3/2023,7/18/2023,qcoal4u,lfusco4u
176,680,5/7/2023,5/12/2023,trout4v,sstanworth4v
177,567,2/9/2023,7/13/2023,fbuckley4w,qjoannidi4w
178,133,1/14/2024,6/27/2023,meivers4x,rpidgeley4x
179,445,1/26/2024,1/14/2024,mspeer4y,famys4y
180,468,1/20/2024,3/20/2023,hdimitrie4z,swintle4z
181,6,2/8/2023,4/9/2023,pstowell50,keckart50
182,192,4/30/2023,3/11/2023,mstaden51,kpanchin51
183,162,4/14/2023,8/16/2023,sbohl52,koxford52
184,776,3/13/2023,1/27/2024,edigance53,credihough53
185,321,8/21/2023,1/1/2024,egartell54,mkightly54
186,149,4/1/2023,12/1/2023,iplester55,gkent55
187,987,8/19/2023,1/4/2024,nouchterlony56,cpotticary56
188,224,11/23/2023,6/30/2023,ikment57,dkaine57
189,232,5/5/2023,6/4/2023,geberts58,fpriddy58
190,712,3/22/2023,9/23/2023,adrillot59,cdavidovics59
191,653,10/3/2023,7/12/2023,sputterill5a,lkingswood5a
192,295,4/28/2023,4/16/2023,charmour5b,dbifield5b
193,209,10/30/2023,2/17/2023,gbruyntjes5c,kwilcher5c
194,521,2/27/2023,2/12/2023,rgilhouley5d,fbeedham5d
195,732,7/15/2023,5/4/2023,esaundercock5e,mgeipel5e
196,84,11/13/2023,1/4/2024,femmett5f,irysdale5f
197,744,8/10/2023,1/19/2024,qjouaneton5g,gsander5g
198,897,2/16/2023,6/24/2023,esheriff5h,gpickersail5h
199,949,10/24/2023,7/2/2023,gkearley5i,mromer5i
200,20,12/28/2023,8/13/2023,ashakspeare5j,irubinfajn5j
201,474,11/21/2023,2/17/2023,dkornyakov5k,abox5k
202,797,5/20/2023,3/17/2023,hedwick5l,cmcgrah5l
203,631,7/20/2023,3/28/2023,kdemann5m,nshugg5m
204,672,3/17/2023,6/17/2023,ldrissell5n,mpoyzer5n
205,550,10/24/2023,4/7/2023,kmessitt5o,ebaert5o
206,525,11/22/2023,5/28/2023,wloyley5p,roag5p
207,698,11/19/2023,10/14/2023,hdalloway5q,ehaycroft5q
208,367,10/26/2023,4/3/2023,mgreveson5r,lsandeland5r
209,515,2/2/2024,2/21/2023,mcraigie5s,mmead5s
210,192,3/13/2023,12/24/2023,aesherwood5t,jtwitchett5t
211,126,1/19/2024,3/14/2023,onorwood5u,kbarme5u
212,747,9/29/2023,11/25/2023,tmozzini5v,tbinks5v
213,386,1/31/2024,8/3/2023,rhayth5w,nbelli5w
214,779,7/1/2023,5/27/2023,stuminelli5x,mobrian5x
215,865,8/30/2023,5/11/2023,rbulteel5y,mlippitt5y
216,679,3/27/2023,7/19/2023,ctreherne5z,nsedwick5z
217,74,3/23/2023,1/16/2024,mbrozek60,ydillinton60
218,509,7/23/2023,1/31/2024,tbellord61,bgraddon61
219,446,2/8/2023,7/25/2023,acurm62,arafter62
220,783,11/12/2023,4/6/2023,aschroeder63,cgreguol63
221,39,3/11/2023,7/13/2023,jburgill64,ldurbin64
222,876,12/14/2023,4/1/2023,cstiles65,tapfler65
223,607,6/2/2023,7/22/2023,lmanlow66,hofeeny66
224,22,11/19/2023,1/9/2024,schaloner67,fhartfleet67
225,216,1/4/2024,12/14/2023,ewilkennson68,mmcanalley68
226,642,12/19/2023,7/13/2023,akirwan69,smacalester69
227,451,4/23/2023,4/29/2023,drichie6a,gtivers6a
228,931,6/20/2023,5/29/2023,chigounet6b,amaydway6b
229,248,1/22/2024,11/11/2023,opetraitis6c,kimlin6c
230,416,11/1/2023,3/10/2023,pcabbell6d,sbosman6d
231,317,4/10/2023,4/14/2023,fdrew6e,pfreund6e
232,913,10/22/2023,10/30/2023,jlepper6f,nstanding6f
233,580,7/12/2023,2/7/2023,menstone6g,hbubear6g
234,536,5/16/2023,10/8/2023,fsiggee6h,bdeeves6h
235,300,3/2/2023,8/4/2023,fbiever6i,ahug6i
236,69,5/11/2023,6/22/2023,mbuglass6j,bmarks6j
237,588,11/20/2023,8/23/2023,slill6k,ebodicam6k
238,711,6/17/2023,1/31/2024,wholton6l,bdrover6l
239,167,12/17/2023,11/28/2023,jferriere6m,lmonshall6m
240,805,7/10/2023,9/3/2023,rschout6n,pdailly6n
241,436,2/11/2023,10/1/2023,vmoorcraft6o,vyitzovicz6o
242,637,8/24/2023,9/15/2023,vmoughtin6p,owillis6p
243,690,2/12/2023,9/7/2023,kgunton6q,apurvis6q
244,953,7/14/2023,8/2/2023,gdoy6r,nchampkins6r
245,661,10/24/2023,10/12/2023,wairey6s,nfuge6s
246,734,6/9/2023,5/1/2023,gwalkingshaw6t,abarehead6t
247,789,10/25/2023,11/6/2023,mbickmore6u,jwalbrun6u
248,472,12/11/2023,7/9/2023,hwindley6v,dbellanger6v
249,932,10/8/2023,8/24/2023,griche6w,nmuffett6w
250,225,5/29/2023,11/19/2023,kmccory6x,mpea6x
251,521,7/16/2023,7/17/2023,mgrubb6y,vclissold6y
252,359,12/12/2023,4/14/2023,mbellam6z,czambon6z
253,30,8/4/2023,5/27/2023,mmengo70,cbanane70
254,784,6/9/2023,7/17/2023,awind71,tannwyl71
255,954,2/9/2023,4/17/2023,gosboldstone72,mdew72
256,601,11/26/2023,10/16/2023,bwrathmell73,owillerton73
257,583,2/18/2023,7/28/2023,keustis74,xkornes74
258,885,7/30/2023,8/18/2023,rroom75,asuffe75
259,340,8/9/2023,2/10/2023,syewdell76,zhardesty76
260,242,8/11/2023,6/29/2023,cpohlak77,kconford77
261,73,8/12/2023,8/13/2023,vwinslet78,ldelgaty78
262,624,6/10/2023,10/3/2023,upinckstone79,grozanski79
263,346,1/14/2024,2/21/2023,pbullan7a,ggrimmett7a
264,103,4/18/2023,10/27/2023,sfarryann7b,tstoak7b
265,163,7/5/2023,8/11/2023,hfeares7c,gkorda7c
266,694,9/25/2023,2/20/2023,mholyland7d,mcarous7d
267,183,7/14/2023,10/7/2023,rblunderfield7e,mtaggett7e
268,989,4/27/2023,11/18/2023,hyardley7f,dredmond7f
269,68,5/4/2023,7/9/2023,gcurlis7g,mlooby7g
270,238,1/7/2024,3/7/2023,ejarrad7h,tedrich7h
271,585,12/14/2023,8/5/2023,rpittman7i,ciwanicki7i
272,36,12/6/2023,9/26/2023,mhanscombe7j,mfoxton7j
273,866,7/24/2023,12/26/2023,lcroydon7k,tcluderay7k
274,547,11/22/2023,1/7/2024,mcheale7l,sfullman7l
275,724,5/6/2023,10/26/2023,fdurno7m,nyancey7m
276,333,3/23/2023,4/11/2023,aorowane7n,jkenway7n
277,541,12/30/2023,3/12/2023,lwyson7o,bmcgiffin7o
278,506,8/15/2023,8/20/2023,hrasper7p,mweatherhogg7p
279,420,7/18/2023,7/21/2023,gyedy7q,gpalumbo7q
280,600,12/18/2023,6/9/2023,ilangley7r,mvitte7r
281,993,11/26/2023,3/11/2023,mcardero7s,clevesque7s
282,555,5/7/2023,10/29/2023,tharme7t,racton7t
283,234,6/13/2023,10/2/2023,rlundberg7u,cmort7u
284,110,7/6/2023,9/28/2023,mbenting7v,fchidlow7v
285,339,3/16/2023,10/15/2023,krennard7w,rbernardet7w
286,606,3/14/2023,12/22/2023,llandell7x,emerman7x
287,72,11/27/2023,10/27/2023,fdjuricic7y,mmarr7y
288,601,9/9/2023,1/12/2024,ljeves7z,bmakepeace7z
289,422,9/20/2023,10/17/2023,pklaffs80,ugiffkins80
290,838,3/23/2023,9/19/2023,aterzza81,harlow81
291,577,7/8/2023,5/3/2023,cbrinsden82,dkinchlea82
292,472,8/8/2023,1/28/2024,cwillshire83,cmatts83
293,65,6/2/2023,11/30/2023,cmeiklam84,tpote84
294,41,12/25/2023,3/28/2023,mcaplin85,spryell85
295,104,5/4/2023,3/12/2023,okybert86,lmillwall86
296,632,10/25/2023,8/30/2023,csuart87,hgodfery87
297,326,6/13/2023,10/24/2023,egrebert88,slife88
298,554,10/11/2023,7/7/2023,fambrodi89,bdudliston89
299,390,7/16/2023,9/27/2023,tdawidman8a,eburgin8a
300,694,1/27/2024,12/19/2023,mglisane8b,bdunderdale8b
301,264,7/24/2023,10/7/2023,gthorius8c,cdwyr8c
302,865,3/8/2023,5/7/2023,cfruen8d,cmcclinton8d
303,756,12/19/2023,3/9/2023,dcrowden8e,dbryns8e
304,493,10/18/2023,3/5/2023,cbunton8f,srossant8f
305,67,6/2/2023,3/13/2023,aewins8g,mtrimmell8g
306,984,8/18/2023,4/26/2023,ltowne8h,sperkins8h
307,248,8/25/2023,11/6/2023,rnevison8i,mlowdeane8i
308,520,2/15/2023,10/4/2023,hhortop8j,jbortolozzi8j
309,989,6/20/2023,6/19/2023,ebortol8k,hcorpe8k
310,947,11/30/2023,2/3/2024,msumpton8l,jheibel8l
311,814,7/1/2023,12/24/2023,smaccafferty8m,pvanne8m
312,689,6/12/2023,4/18/2023,mrummins8n,rcobson8n
313,908,9/24/2023,5/10/2023,lgradwell8o,pdummigan8o
314,636,8/9/2023,11/30/2023,cglasscock8p,lcatonne8p
315,192,2/7/2023,10/1/2023,dgrigorkin8q,rboocock8q
316,17,1/28/2024,12/28/2023,nwaldren8r,tspurgeon8r
317,620,6/29/2023,12/30/2023,lmalkie8s,bcattini8s
318,41,2/3/2024,5/22/2023,rleedes8t,nletterese8t
319,514,3/12/2023,11/15/2023,sfrangleton8u,hhelis8u
320,387,10/23/2023,11/17/2023,ktwiggins8v,jettels8v
321,945,10/9/2023,4/3/2023,ctumayan8w,dreolfo8w
322,300,6/17/2023,2/5/2023,asidry8x,ccullinane8x
323,799,2/12/2023,3/1/2023,kforrester8y,bsemon8y
324,22,9/6/2023,11/28/2023,pbowker8z,vcogger8z
325,46,6/14/2023,6/21/2023,rcanceller90,dberardt90
326,120,3/9/2023,2/12/2023,ytreffrey91,aellicott91
327,692,9/8/2023,1/10/2024,pcoughlan92,gtarrier92
328,188,1/6/2024,2/26/2023,mmcaughtry93,ryashunin93
329,20,2/27/2023,7/13/2023,afincke94,poneill94
330,154,3/11/2023,9/28/2023,gobispo95,kdesouza95
331,773,9/12/2023,2/3/2024,srodwell96,acharrington96
332,306,2/25/2023,4/13/2023,sgrimwood97,rtaplow97
333,19,4/10/2023,5/26/2023,jbenit98,aauletta98
334,830,5/30/2023,5/25/2023,sstuckow99,nkillingback99
335,344,3/10/2023,4/1/2023,dscemp9a,mswindell9a
336,255,1/5/2024,6/22/2023,rworks9b,dsallery9b
337,391,11/20/2023,6/22/2023,nkilleley9c,gcraghead9c
338,610,11/13/2023,11/15/2023,bhalkyard9d,ndee9d
339,911,8/13/2023,9/17/2023,kmackaig9e,bgerrie9e
340,350,10/31/2023,4/23/2023,caleixo9f,fcondell9f
341,719,9/20/2023,4/10/2023,hnorwich9g,tbaine9g
342,337,10/30/2023,5/27/2023,itappor9h,lingerman9h
343,164,7/15/2023,4/28/2023,tbehninck9i,eservant9i
344,653,4/5/2023,2/5/2023,ksmithson9j,hlanda9j
345,85,5/21/2023,12/15/2023,frameaux9k,tflear9k
346,455,9/12/2023,2/17/2023,mcassely9l,emaudlen9l
347,127,2/16/2023,8/25/2023,skiossel9m,bbelding9m
348,77,7/31/2023,9/9/2023,tbeuscher9n,smulder9n
349,54,11/3/2023,8/8/2023,gbruggen9o,tlount9o
350,680,2/17/2023,1/29/2024,ufrie9p,cpiggot9p
351,923,6/27/2023,6/28/2023,csteinor9q,vshrigley9q
352,563,1/9/2024,5/18/2023,jlukehurst9r,fvenour9r
353,306,7/28/2023,12/8/2023,jlintall9s,dredmore9s
354,454,4/16/2023,1/17/2024,mwallice9t,djockle9t
355,252,3/18/2023,6/6/2023,ewallwood9u,bdellabbate9u
356,12,7/9/2023,5/27/2023,ccoppin9v,hjoyson9v
357,90,2/6/2023,7/11/2023,lcanner9w,rsealand9w
358,225,9/25/2023,7/13/2023,ashotton9x,rmacallister9x
359,769,1/31/2024,6/14/2023,aretchless9y,sdixcee9y
360,664,9/22/2023,3/3/2023,jvennings9z,dbresnen9z
361,632,7/19/2023,2/23/2023,hmccolea0,fpearmaina0
362,315,5/2/2023,12/12/2023,zgranhama1,nlumbleya1
363,481,7/17/2023,6/15/2023,achidwicka2,cbartkiewicza2
364,537,1/6/2024,12/18/2023,celmorea3,bswasha3
365,124,7/7/2023,4/2/2023,gwestmorlanda4,kellamana4
366,268,3/3/2023,11/24/2023,zdykasa5,nhellera5
367,840,9/14/2023,9/10/2023,lpetticrewa6,bpimletta6
368,443,4/6/2023,1/9/2024,dscarrisbricka7,schuneya7
369,322,3/2/2023,3/10/2023,kgregha8,mlownesa8
370,171,3/23/2023,12/3/2023,lbriamoa9,agloya9
371,625,12/26/2023,5/28/2023,wwinwoodaa,wsirraa
372,734,11/11/2023,4/16/2023,dwetterab,fsutterab
373,723,9/29/2023,3/7/2023,cshaldersac,wstoutherac
374,264,7/12/2023,10/20/2023,javiesonad,aanselmiad
375,386,8/1/2023,10/25/2023,bmatignonae,hsanneyae
376,49,7/23/2023,11/24/2023,elytleaf,smarkhamaf
377,691,7/1/2023,12/10/2023,awodhamag,cmaccarlichag
378,714,3/2/2023,9/8/2023,lolerenshawah,dtothah
379,477,2/3/2024,7/11/2023,sweaverai,cgoodwellai
380,720,5/28/2023,8/26/2023,bkemeraj,rtoursaj
381,671,10/22/2023,1/4/2024,flanninak,kclowneyak
382,123,11/27/2023,8/22/2023,ddegoweal,ldecental
383,355,4/29/2023,6/5/2023,mcowapam,zforteam
384,639,7/8/2023,8/6/2023,rseeviouran,ghorsleyan
385,883,8/12/2023,4/9/2023,acourseao,ldorinao
386,250,2/4/2024,12/29/2023,ggodsilap,adouldenap
387,251,1/14/2024,4/17/2023,kelleyneaq,elaunderaq
388,245,4/8/2023,3/6/2023,cmuzzlewhitear,erealyar
389,36,12/31/2023,11/21/2023,tclimaras,tbraithwaiteas
390,382,2/4/2024,2/20/2023,lkubatschat,idaleat
391,897,4/10/2023,2/4/2024,pperezau,nlaughlanau
392,508,3/1/2023,11/24/2023,lhukinav,jlillistoneav
393,982,4/29/2023,1/15/2024,dyakobaw,nhuckelaw
394,90,7/21/2023,5/11/2023,mclemonax,hhamshereax
395,478,11/29/2023,12/29/2023,rjoanauday,vchidzoyay
396,966,4/4/2023,6/20/2023,bfancourtaz,ddoyleaz
397,761,6/15/2023,2/6/2023,craweb0,aivanisovb0
398,304,10/14/2023,1/14/2024,tbrozssetb1,hjohanssonb1
399,483,11/15/2023,10/30/2023,cleeburnb2,avaneyb2
400,689,9/21/2023,3/8/2023,vagnolob3,zwarneb3
401,69,4/26/2023,11/18/2023,hgrinnellb4,rbrettonerb4
402,335,9/23/2023,11/11/2023,bsmalesb5,lloydb5
403,835,11/20/2023,12/24/2023,ohowsinb6,aguittonb6
404,144,8/10/2023,5/22/2023,kcrownshawb7,nrosenscheinb7
405,401,4/8/2023,11/30/2023,slinkieb8,trappportb8
406,629,7/28/2023,11/1/2023,mlotteb9,liorizzob9
407,115,8/30/2023,10/1/2023,hgounyba,rvockinsba
408,467,8/29/2023,1/16/2024,dfirbybb,dodwyerbb
409,893,1/25/2024,8/13/2023,cclewarthbc,amcnevinbc
410,105,11/17/2023,1/8/2024,tknollerbd,dtweedellbd
411,220,6/17/2023,12/10/2023,qorrombe,dwitchellbe
412,772,7/22/2023,6/7/2023,lfernezbf,fthirlawaybf
413,963,7/21/2023,9/19/2023,jminihanbg,nstuckbg
414,737,3/15/2023,11/10/2023,nbessombh,rtrewmanbh
415,390,12/30/2023,6/2/2023,ewinchurchbi,cpetrescubi
416,597,5/30/2023,10/18/2023,dwaggbj,ccressybj
417,241,1/30/2024,10/3/2023,fcowdroybk,bdiggerbk
418,261,7/4/2023,8/25/2023,ssaveallbl,pbevirbl
419,183,11/10/2023,2/23/2023,gtringbm,hraisherbm
420,123,12/1/2023,1/21/2024,hlaughtissebn,kllewelynbn
421,76,6/16/2023,4/25/2023,ecaesmansbo,dscusebo
422,670,12/8/2023,3/21/2023,mrupkebp,hwarrierbp
423,709,1/17/2024,11/8/2023,wpendrighbq,ccurdbq
424,243,8/13/2023,10/18/2023,ctargebr,rklainmanbr
425,355,3/6/2023,10/30/2023,rdavidybs,kkuhlbs
426,139,11/3/2023,3/11/2023,rkestianbt,agarrawaybt
427,58,12/19/2023,7/19/2023,bhaironbu,dcuffinbu
428,765,11/17/2023,11/14/2023,hbaglinbv,rcanebv
429,196,4/22/2023,1/6/2024,tgadaudbw,mrandlesbw
430,276,4/29/2023,7/15/2023,asnashallbx,utipperbx
431,181,4/15/2023,6/24/2023,onevittby,kchittockby
432,165,5/6/2023,12/22/2023,sthunderbz,vmilksopbz
433,34,8/27/2023,11/16/2023,lkernarc0,bmirrallsc0
434,827,3/10/2023,1/31/2024,kschimonc1,alattosc1
435,720,4/30/2023,11/17/2023,cdelacourtc2,jnoirc2
436,782,6/13/2023,8/9/2023,bscrymgeourc3,cromeufc3
437,105,5/28/2023,5/20/2023,tmcgroutherc4,klydonc4
438,23,11/30/2023,10/17/2023,ssheranc5,fkennfordc5
439,984,1/14/2024,7/2/2023,kbashamc6,asantec6
440,486,1/29/2024,3/1/2023,bjanssonc7,ncerithc7
441,940,10/1/2023,1/23/2024,mleffekc8,bkarbyc8
442,149,11/7/2023,6/1/2023,dlegatec9,begintonc9
443,353,8/14/2023,9/2/2023,hphillputca,hderrickca
444,429,6/15/2023,4/3/2023,afishpoolcb,fmcclurecb
445,683,9/11/2023,7/18/2023,imacneillycc,jfannercc
446,778,12/2/2023,6/15/2023,equesnecd,tousbycd
447,785,7/1/2023,9/1/2023,ldunderdalece,vsurcombce
448,534,4/29/2023,7/2/2023,jashmancf,jsmallacombecf
449,760,4/28/2023,4/7/2023,cditzelcg,ncreercg
450,865,10/3/2023,4/17/2023,shalfacrech,nsutterfieldch
451,52,3/9/2023,9/4/2023,shurtci,sdowbigginci
452,148,12/10/2023,7/11/2023,earchbuttcj,rredmancj
453,131,7/2/2023,6/26/2023,hcoveyck,mgustickeck
454,256,12/2/2023,10/2/2023,fduckerscl,ffreddicl
455,509,3/27/2023,3/17/2023,kcarlyoncm,dweedencm
456,811,10/13/2023,4/3/2023,tbarrackscn,jbrombycn
457,860,6/30/2023,9/22/2023,pcraneco,ldelamaineco
458,632,2/10/2023,3/3/2023,dsifflettcp,mchowncp
459,181,10/14/2023,10/3/2023,bwhannelcq,bdenslowcq
460,790,3/3/2023,11/18/2023,floakescr,afarnishcr
461,745,5/1/2023,1/24/2024,wayrscs,rshortincs
462,212,4/22/2023,3/22/2023,jgilcristct,cperksct
463,531,7/8/2023,4/7/2023,wbartoleyncu,rholdcu
464,271,9/12/2023,5/7/2023,dklauercv,wtoffolocv
465,831,12/22/2023,11/6/2023,dkimminscw,rgeffcockcw
466,32,8/7/2023,3/6/2023,rcescocx,tmauvincx
467,509,2/21/2023,10/13/2023,kbrawncy,ythaxtercy
468,487,1/4/2024,9/5/2023,dcastanyercz,adoramcz
469,974,5/23/2023,10/6/2023,hcousensd0,bewertd0
470,52,8/8/2023,4/26/2023,aframed1,rbeathemd1
471,727,6/10/2023,5/22/2023,ubaistowd2,craouxd2
472,892,3/26/2023,9/26/2023,ajohannesd3,pjeffcoatd3
473,27,12/15/2023,2/15/2023,rconlond4,phorsleyd4
474,540,3/22/2023,6/1/2023,madamod5,bkobierieckid5
475,905,9/23/2023,9/16/2023,gtafanid6,tgladdend6
476,678,4/18/2023,5/21/2023,slilld7,aheinled7
477,690,11/16/2023,7/13/2023,lackeryd8,gcondliffed8
478,900,6/26/2023,7/8/2023,rdannelld9,kstittd9
479,193,9/28/2023,7/2/2023,tburnsidesda,opaskda
480,999,12/26/2023,5/16/2023,smaplethorpdb,orubenovicdb
481,91,7/14/2023,7/29/2023,jprobydc,mreamesdc
482,572,9/27/2023,3/30/2023,epilmoordd,mlewarddd
483,208,5/4/2023,8/6/2023,emarshallde,mbelcherde
484,907,8/19/2023,1/19/2024,wvanhalendf,agartenfelddf
485,946,4/30/2023,7/5/2023,droandg,mmccartandg
486,125,5/17/2023,11/25/2023,ccurtaindh,gmaggidh
487,129,11/22/2023,1/18/2024,lmcpolindi,bridgesdi
488,617,12/29/2023,1/11/2024,jthaimdj,dkoopmandj
489,649,9/6/2023,4/2/2023,qmilandk,wschoenleiterdk
490,725,5/21/2023,4/19/2023,acoslettdl,rgoodrickedl
491,441,11/7/2023,9/22/2023,molohandm,sfreshwaterdm
492,681,2/23/2023,3/9/2023,amcareaveydn,oduttondn
493,842,1/10/2024,12/19/2023,gbadinido,lgarleedo
494,265,1/5/2024,4/7/2023,binglestondp,kroostandp
495,45,3/23/2023,5/6/2023,ibarstowkdq,jbonhamdq
496,637,11/27/2023,8/10/2023,egravesondr,dhuxtondr
497,411,12/16/2023,7/1/2023,bvonbrookds,alarcombeds
498,57,9/22/2023,9/30/2023,msagerdt,dsmileydt
499,383,10/27/2023,3/3/2023,hcovottidu,gmacalessdu
500,602,12/30/2023,1/31/2024,chumbeedv,ggriffindv
501,52,6/11/2023,11/27/2023,ethainedw,chrachovecdw
502,586,4/26/2023,12/17/2023,vmadocjonesdx,aavissdx
503,548,12/30/2023,4/21/2023,dcostendy,cwickardtdy
504,970,9/14/2023,6/6/2023,ailiffdz,mmimmackdz
505,808,1/3/2024,1/18/2024,abransgrovee0,jcortnaye0
506,94,7/26/2023,5/2/2023,mthioliere1,ejodrellece1
507,833,11/17/2023,11/6/2023,gduestere2,sebournee2
508,380,7/27/2023,7/11/2023,ddaburne3,gnorvele3
509,345,2/17/2023,2/14/2023,silyasove4,jchansonnee4
510,298,7/4/2023,9/4/2023,jmarzeloe5,fsmardone5
511,813,7/21/2023,11/23/2023,cmacpikee6,bparkmane6
512,523,9/8/2023,9/18/2023,pdymicke7,bcookese7
513,250,4/22/2023,9/11/2023,jadolfsone8,crispene8
514,786,10/2/2023,2/1/2024,cstephene9,aleyntone9
515,343,7/20/2023,1/9/2024,kdelchecoloea,mlingleyea
516,802,7/9/2023,8/22/2023,rspentoneb,rlinneb
517,296,4/8/2023,6/8/2023,pheersec,aheeranec
518,547,12/31/2023,11/9/2023,lmorecombed,ccattowed
519,529,3/18/2023,5/24/2023,tgommoweee,hduchesneee
520,709,10/11/2023,1/5/2024,mmaggiorief,ccoiteef
521,51,6/12/2023,6/4/2023,zoloughlineg,copyeg
522,215,3/17/2023,10/12/2023,ghowisoneh,ctreneereh
523,676,5/6/2023,8/14/2023,cricksei,pgrieswoodei
524,614,6/1/2023,4/28/2023,zcantoej,qgroombridgeej
525,262,3/28/2023,3/2/2023,rgreyesek,lfitzsimmonsek
526,689,2/22/2023,5/27/2023,dgierokel,sginglesel
527,909,8/11/2023,4/24/2023,vmcturleyem,tglassborowem
528,273,11/29/2023,6/28/2023,lmathersonen,tburnieen
529,903,11/7/2023,1/6/2024,ddonnelleo,amacgorleyeo
530,784,10/8/2023,11/28/2023,jdirrep,psoutheranep
531,775,4/4/2023,8/8/2023,ajeffrayeq,jgaddieeq
532,895,5/5/2023,1/19/2024,dlugsdiner,pffrencher
533,854,2/3/2024,11/2/2023,sdaoutes,rbaldcockes
534,714,5/3/2023,11/5/2023,plarmanet,mbilamet
535,201,2/28/2023,2/22/2023,gstanetteu,hfealeyeu
536,570,3/6/2023,9/24/2023,cgarstanev,rtroyev
537,804,8/26/2023,7/13/2023,sstrotherew,ustokesew
538,869,9/5/2023,12/16/2023,hsargeex,twoodwinex
539,148,5/21/2023,12/1/2023,fboothroydey,awordleyey
540,699,4/13/2023,12/28/2023,fmalamoreez,fmcmurtyrez
541,654,10/19/2023,6/24/2023,mwadleyf0,mkennicottf0
542,442,12/19/2023,6/26/2023,flomazf1,odolleyf1
543,160,3/2/2023,7/11/2023,gloveridgef2,smacsherryf2
544,424,2/14/2023,8/20/2023,pklasenf3,zpinnockf3
545,612,4/25/2023,5/7/2023,gselesnickf4,ddelacourf4
546,781,10/13/2023,2/27/2023,nkeatchf5,jhessf5
547,558,12/17/2023,4/3/2023,wbennetonf6,dadamof6
548,492,10/21/2023,11/19/2023,ggoselingf7,dgalletleyf7
549,846,3/8/2023,4/7/2023,lscholefieldf8,dbyartf8
550,916,6/30/2023,2/15/2023,lbosketf9,kgallacherf9
551,99,2/13/2023,11/7/2023,bbenoitonfa,sbooijfa
552,865,9/6/2023,11/13/2023,rhinnersfb,clipscombefb
553,715,6/12/2023,11/27/2023,bgleavefc,smaccartneyfc
554,946,2/21/2023,5/12/2023,kborrillfd,cmorstattfd
555,111,12/19/2023,5/29/2023,bobroganfe,dduguidfe
556,587,6/3/2023,12/21/2023,tardyff,bberrowff
557,545,4/10/2023,8/4/2023,buwinsfg,srichardssonfg
558,990,5/7/2023,3/13/2023,cwebbefh,lgoltfh
559,259,12/8/2023,9/4/2023,memersonfi,vpatridgefi
560,787,1/10/2024,4/16/2023,tmottinifj,mreffefj
561,432,11/21/2023,3/8/2023,igearyfk,obradenfk
562,452,1/12/2024,10/10/2023,gmillionfl,eviallfl
563,870,12/11/2023,5/19/2023,cdiverfm,svassmanfm
564,347,1/5/2024,7/7/2023,klancastlefn,fgarfitfn
565,538,7/28/2023,10/10/2023,mkindallfo,imartinifo
566,916,4/20/2023,10/5/2023,cdearsleyfp,hlloydwilliamsfp
567,673,1/21/2024,10/10/2023,ppeerlessfq,hjirasekfq
568,41,11/7/2023,10/5/2023,oblackettfr,smatysikfr
569,782,10/24/2023,5/12/2023,tloadesfs,nolivifs
570,945,8/30/2023,3/2/2023,lpottieft,rdombrellft
571,603,12/21/2023,12/16/2023,nmorridfu,mriglerfu
572,486,5/14/2023,3/18/2023,sburkerfv,chuardfv
573,915,10/13/2023,7/2/2023,jmittonfw,isainterfw
574,446,1/5/2024,12/1/2023,amadgettfx,ccloonanfx
575,914,8/20/2023,12/11/2023,ikupperfy,mpordallfy
576,667,12/23/2023,9/1/2023,lbalsdonfz,tdenkfz
577,720,12/23/2023,4/6/2023,cfortuneg0,grichfieldg0
578,152,3/4/2023,7/23/2023,ksclandersg1,hweaverg1
579,621,3/20/2023,8/7/2023,tmariag2,esempillg2
580,850,8/30/2023,5/25/2023,spharoahg3,dtimbrellg3
581,469,12/30/2023,3/10/2023,jcranfieldg4,crieplg4
582,276,5/17/2023,8/5/2023,bjollyeg5,gmaddrellg5
583,910,3/2/2023,4/27/2023,efurleyg6,igherardellig6
584,420,1/1/2024,12/1/2023,rcragheadg7,wrodderg7
585,58,3/14/2023,1/24/2024,lcoltherdg8,lbunnyg8
586,234,4/2/2023,9/2/2023,hsunmang9,aocrevang9
587,78,9/14/2023,11/23/2023,enelmesga,gsillimanga
588,705,1/14/2024,1/20/2024,gcruisegb,hstarbeckgb
589,895,2/17/2023,7/1/2023,nwhaymangc,tairdsgc
590,99,7/29/2023,7/25/2023,ghalpengd,arafterygd
591,911,10/14/2023,9/20/2023,rjirickage,qselbachge
592,924,6/3/2023,7/7/2023,dmiddleditchgf,jpitkinsgf
593,15,10/28/2023,10/13/2023,rgiannazzigg,cpadulagg
594,971,10/30/2023,10/13/2023,mgemnettgh,croystongh
595,122,12/18/2023,5/30/2023,aoverstonegi,nconwellgi
596,265,12/10/2023,9/21/2023,krameletgj,rpiresgj
597,10,12/1/2023,3/1/2023,asturzakergk,ngoosnellgk
598,315,10/27/2023,6/27/2023,mmangingl,bruddellgl
599,279,7/24/2023,4/11/2023,mstrachangm,bbromellgm
600,112,4/11/2023,9/22/2023,hmcneelygn,tambrogign
601,191,2/3/2024,6/5/2023,dfulgergo,evernaugo
602,400,1/19/2024,10/3/2023,jsimonougp,fgavarangp
603,832,3/22/2023,2/26/2023,nloadwickgq,wsmalesgq
604,597,12/15/2023,6/8/2023,hlermouthgr,icradygr
605,58,8/5/2023,2/13/2023,amarietgs,bgomangs
606,444,6/14/2023,5/1/2023,prumblegt,jgergusgt
607,86,5/23/2023,7/31/2023,bmaccolmgu,obarnsgu
608,168,2/4/2024,11/3/2023,gsikorskygv,aclissgv
609,531,4/3/2023,8/16/2023,kpadrickgw,gsackergw
610,716,4/7/2023,5/8/2023,darnaezgx,vseegargx
611,408,9/29/2023,8/30/2023,kridwoodgy,wreesgy
612,306,12/2/2023,6/28/2023,bmccoidgz,wrobiongz
613,710,4/14/2023,2/12/2023,ptonkinsonh0,aduchenneh0
614,767,10/26/2023,5/24/2023,apairemanh1,dhollymanh1
615,997,11/3/2023,6/2/2023,rbirdfieldh2,cmarciskewskih2
616,851,5/19/2023,11/10/2023,jdedneyh3,cdagnanh3
617,228,8/1/2023,11/7/2023,cdellortoh4,llowenh4
618,308,12/28/2023,9/8/2023,akordovanih5,bkirkamh5
619,28,11/6/2023,6/24/2023,bwalesbyh6,asandesonh6
620,955,3/30/2023,5/26/2023,irudgleyh7,nferraoh7
621,443,5/11/2023,6/9/2023,abakhrushinh8,smeiklemh8
622,539,2/21/2023,2/10/2023,fciccarelloh9,kjerratschh9
623,231,9/27/2023,6/28/2023,gburfootha,ecutfordha
624,644,8/12/2023,5/21/2023,dfilkovhb,rheishamhb
625,515,4/4/2023,8/23/2023,jtoffelhc,jmellorhc
626,563,8/27/2023,10/6/2023,aloweshd,nlaughtonhd
627,564,1/4/2024,10/9/2023,mtwinbornehe,lweeklyhe
628,206,12/28/2023,11/2/2023,kbartolozzihf,rgledstanehf
629,959,4/17/2023,6/29/2023,awallagehg,bbandierahg
630,918,11/13/2023,10/25/2023,jpawelczykhh,cmacfaellhh
631,278,9/10/2023,1/14/2024,aparkmanhi,lbirrelhi
632,868,11/18/2023,3/21/2023,aaysikhj,jverrickhj
633,393,1/24/2024,10/15/2023,lbessonhk,cpallyhk
634,220,8/28/2023,1/2/2024,btosdevinhl,cmackhl
635,112,12/28/2023,9/24/2023,gwhaplingtonhm,odaceyhm
636,249,9/20/2023,7/6/2023,ddanzelmanhn,tbrittlehn
637,289,11/26/2023,5/22/2023,rmaricho,lroselho
638,306,12/17/2023,2/15/2023,whowchinhp,nadderleyhp
639,500,9/3/2023,9/19/2023,edeekshq,rsimmshq
640,110,9/17/2023,12/28/2023,tholseyhr,lcurlinghr
641,65,6/21/2023,6/8/2023,bchestonhs,dantonionihs
642,479,4/16/2023,1/17/2024,vniseht,acallaghanht
643,217,2/14/2023,6/23/2023,bmenauteauhu,gpetschelhu
644,451,7/5/2023,5/17/2023,cingamellshv,iwaterfallhv
645,978,3/25/2023,7/15/2023,dnowakhw,wviccarshw
646,168,11/18/2023,10/15/2023,cfratczakhx,felenhx
647,673,3/10/2023,5/2/2023,adanaharhy,spechethy
648,262,5/29/2023,12/9/2023,bshalehz,srozechz
649,771,10/21/2023,5/31/2023,fbenardeaui0,cjanicijevici0
650,916,1/27/2024,6/23/2023,tprattini1,lgodoni1
651,326,2/21/2023,4/29/2023,caleshintsevi2,acoyetti2
652,493,11/24/2023,2/27/2023,eesomei3,opetryi3
653,775,3/23/2023,12/21/2023,vcamdeni4,stownei4
654,335,3/12/2023,2/12/2023,msalazari5,egillanii5
655,554,5/6/2023,10/23/2023,schandersi6,ofeaveeri6
656,298,11/29/2023,3/3/2023,dreymersi7,skyllfordi7
657,330,3/31/2023,6/5/2023,abrixeyi8,tcratei8
658,824,10/4/2023,10/16/2023,cnayshei9,jraddishi9
659,767,6/28/2023,7/15/2023,eryamia,jmuntonia
660,799,3/24/2023,1/22/2024,hcoltartib,sgoodwynib
661,694,9/4/2023,9/17/2023,wmintoftic,mdoigeic
662,210,8/28/2023,4/20/2023,msmallacombeid,vphilbrickid
663,678,10/11/2023,2/25/2023,mmocherie,pgalerie
664,646,4/19/2023,2/28/2023,dlennonif,elynnettif
665,158,1/15/2024,8/20/2023,shatherleyig,tgergerig
666,417,7/24/2023,6/4/2023,abrouardih,dmcmurdoih
667,438,12/24/2023,3/17/2023,aspadazziii,jgebbii
668,570,4/1/2023,2/26/2023,jvainij,jkirknessij
669,278,12/17/2023,12/19/2023,lbiggarik,delsomik
670,206,8/20/2023,12/4/2023,ehamilil,slethardyil
671,457,3/21/2023,2/6/2023,sampsim,tmourgueim
672,348,5/10/2023,11/7/2023,dmcgraylein,kneighbourin
673,458,8/3/2023,11/3/2023,oprenio,acasboltio
674,884,3/11/2023,9/17/2023,jcollcottip,rwibberleyip
675,495,6/24/2023,5/12/2023,zsmytheiq,jaskewiq
676,410,10/8/2023,9/3/2023,jfearnir,wklishinir
677,534,11/1/2023,3/21/2023,gbaughanis,mfearfullis
678,18,9/22/2023,6/14/2023,ogrinsdaleit,lastburyit
679,956,2/13/2023,6/2/2023,hgatehouseiu,hgleadhalliu
680,361,1/31/2024,9/3/2023,oforbesiv,gbewsyiv
681,290,6/20/2023,9/29/2023,hmountfordiw,shobelliw
682,950,3/2/2023,8/24/2023,aflipsenix,vantoschix
683,590,1/31/2024,7/15/2023,gschuchmacheriy,cmunroiy
684,678,6/6/2023,11/22/2023,ewaleiz,eberriballiz
685,717,8/28/2023,8/30/2023,dmeekej0,jlawrinsonj0
686,159,5/5/2023,3/5/2023,rgrinterj1,mdaykinj1
687,264,5/19/2023,1/28/2024,agiacomuccij2,aocriganej2
688,103,12/20/2023,7/4/2023,afolliottj3,ldarbyj3
689,32,2/18/2023,6/20/2023,arozanskij4,jgilyottj4
690,55,8/18/2023,7/5/2023,aheersj5,rrosenbloomj5
691,764,11/12/2023,3/25/2023,hdayesj6,dbreadmorej6
692,132,3/10/2023,2/23/2023,pguiotj7,btruterj7
693,193,2/20/2023,11/27/2023,lfullwoodj8,dgarricj8
694,983,10/1/2023,2/11/2023,bmandalj9,amostinj9
695,666,11/13/2023,5/7/2023,bbrongerja,alidsterja
696,184,1/15/2024,1/20/2024,bbateupjb,zkondrachenkojb
697,150,11/11/2023,10/18/2023,aschumacherjc,oleesonjc
698,228,11/9/2023,4/28/2023,aclementjd,ecattjd
699,484,1/23/2024,10/23/2023,atashje,pfrogleyje
700,283,6/27/2023,6/23/2023,efrayjf,rkilmurryjf
701,522,1/3/2024,10/9/2023,eromagosajg,jthurlingjg
702,420,5/16/2023,3/19/2023,smcrobbjh,ssimchenkojh
703,677,1/1/2024,9/21/2023,tspurdensji,carmatysji
704,676,3/19/2023,6/3/2023,akamenajj,wborreljj
705,650,2/12/2023,3/26/2023,amollettjk,usladerjk
706,747,3/3/2023,7/7/2023,oemersonjl,twhitbyjl
707,733,2/13/2023,3/26/2023,bnajarajm,rmcturkjm
708,809,1/14/2024,1/24/2024,tblaineyjn,aildenjn
709,167,7/12/2023,5/27/2023,llinnettjo,mrafterjo
710,465,11/8/2023,12/3/2023,hcorsonjp,hbrophyjp
711,985,3/30/2023,12/14/2023,smouattjq,mgarfirthjq
712,497,6/23/2023,1/25/2024,wondrousekjr,pfabbrojr
713,343,3/23/2023,7/28/2023,jspellmanjs,pbaleinejs
714,296,6/16/2023,12/30/2023,cimessonjt,tseagerjt
715,159,10/20/2023,9/14/2023,dfairneyju,cbeckettju
716,880,2/12/2023,10/12/2023,hpfifferjv,pokynsillaghejv
717,421,10/9/2023,5/23/2023,tmityashinjw,apawlaczykjw
718,179,9/11/2023,9/16/2023,ksoutheyjx,jslightjx
719,677,7/10/2023,7/15/2023,smordinjy,gshevlanejy
720,274,7/21/2023,12/7/2023,kbricknelljz,krochellejz
721,224,3/30/2023,11/23/2023,ckaretk0,nsaggk0
722,641,9/11/2023,5/8/2023,rzanuttik1,nwhartonbyk1
723,613,12/1/2023,11/22/2023,gziemeckik2,cbehaggk2
724,667,8/5/2023,2/2/2024,ppresnellk3,anutterk3
725,197,12/1/2023,6/13/2023,agaizek4,lsargersonk4
726,137,7/20/2023,6/21/2023,jsharrocksk5,dthoresbiek5
727,419,7/30/2023,7/24/2023,slickessk6,gtomischk6
728,71,7/10/2023,6/6/2023,imarrk7,rmaulink7
729,589,9/19/2023,7/30/2023,eshimonik8,bgladyerk8
730,28,4/27/2023,9/29/2023,lhuguesk9,rfeeneyk9
731,686,6/13/2023,7/14/2023,lenstoneka,kwestleyka
732,422,8/22/2023,9/7/2023,ahargittkb,ecoppockkb
733,160,1/23/2024,10/25/2023,vglisonkc,thacquardkc
734,611,7/23/2023,9/11/2023,fmacneillkd,kgrinnovkd
735,485,2/21/2023,4/24/2023,rtansillke,hdresselke
736,583,4/23/2023,6/11/2023,ehawkeykf,sfreeburykf
737,219,8/30/2023,7/4/2023,amalebykg,rkilmisterkg
738,911,11/7/2023,11/7/2023,lwilsekh,jgoldringkh
739,150,11/16/2023,10/9/2023,wrignallki,rwhitleyki
740,366,12/17/2023,10/6/2023,mgwylltkj,efowgieskj
741,586,4/9/2023,7/20/2023,dsikorskykk,skolinskykk
742,184,10/8/2023,6/15/2023,aoxbekl,eraratykl
743,919,9/15/2023,9/28/2023,dlytllekm,esarverkm
744,573,1/22/2024,1/29/2024,mparlourkn,sbruinemannkn
745,190,12/21/2023,8/18/2023,sharradineko,gbackmanko
746,892,8/8/2023,6/19/2023,jturpinkp,kpinnellkp
747,68,10/24/2023,6/17/2023,lfarrynkq,jmermankq
748,914,2/20/2023,12/20/2023,fbroadleykr,mmalhamkr
749,721,12/16/2023,9/14/2023,hnewickks,rpearceks
750,346,12/28/2023,10/21/2023,tcrumbiekt,pkeavekt
751,236,2/6/2023,9/23/2023,cblintku,taujouanetku
752,32,3/28/2023,6/28/2023,fayerkv,nmckellenkv
753,808,1/3/2024,12/11/2023,mhairekw,rlaxtonkw
754,366,8/29/2023,10/17/2023,dsitchkx,anarbettkx
755,108,7/6/2023,3/23/2023,bgrennanky,qriddochky
756,500,1/27/2024,9/8/2023,olibreykz,djenningskz
757,929,8/7/2023,1/16/2024,mharsantl0,ewitherbedl0
758,605,3/14/2023,8/24/2023,ejeffordl1,cfieldenl1
759,561,12/21/2023,10/29/2023,rcowdroyl2,htolfreyl2
760,597,5/16/2023,3/21/2023,iegdelll3,bgulkl3
761,969,10/30/2023,3/14/2023,hrosparsl4,amoneypennyl4
762,498,11/19/2023,3/1/2023,tvedeniktovl5,kguillel5
763,471,6/3/2023,7/19/2023,sskellernl6,rsainzl6
764,844,2/6/2023,7/8/2023,cpunchl7,ilethieulierl7
765,908,7/10/2023,6/25/2023,hkilfoylel8,emottersheadl8
766,136,1/16/2024,8/17/2023,lrysdalel9,ikeaml9
767,639,9/6/2023,7/24/2023,ffitzgeraldla,dbrimilcombela
768,852,8/21/2023,10/31/2023,klemonbylb,opetrosellilb
769,871,2/3/2024,5/28/2023,dfissendenlc,egedlinglc
770,87,8/27/2023,4/7/2023,ggregersenld,msnoddinld
771,869,10/24/2023,10/19/2023,kastiele,dblunnle
772,244,5/13/2023,10/18/2023,kcalveylf,koferrislf
773,256,10/6/2023,3/3/2023,rgooderelg,tknaggslg
774,422,6/21/2023,7/21/2023,nbarratlh,leddowislh
775,44,4/5/2023,8/29/2023,tabellali,dpigginli
776,530,3/8/2023,1/14/2024,hscogginlj,sfeltonlj
777,100,10/6/2023,5/6/2023,ssparshattlk,babrahamlk
778,216,11/18/2023,10/18/2023,lgaleall,mhamshawll
779,561,5/1/2023,12/19/2023,hbuckeridgelm,wimoslm
780,982,9/23/2023,1/26/2024,mmcneillieln,jmaidstoneln
781,95,11/3/2023,12/13/2023,emainwaringlo,lstrutzlo
782,358,12/9/2023,7/7/2023,byitzhaklp,arenachowskilp
783,989,10/14/2023,5/3/2023,phurlestonlq,gdreelanlq
784,270,4/8/2023,10/11/2023,tsherebrookelr,gwolfordlr
785,715,6/30/2023,10/2/2023,wmendozals,imumfordls
786,576,2/27/2023,11/6/2023,rgerssamlt,cdmytryklt
787,717,8/30/2023,2/22/2023,sdevenishlu,cbeafordlu
788,417,8/19/2023,4/3/2023,kmattisssenlv,bhelsbylv
789,880,9/17/2023,6/15/2023,aromilw,jstrotherslw
790,747,7/16/2023,5/21/2023,larmerlx,efindinglx
791,522,8/14/2023,9/8/2023,jtoderbruggely,akarlssonly
792,601,1/25/2024,11/15/2023,aslimonlz,abowyerlz
793,297,10/6/2023,2/23/2023,triseamm0,kriversm0
794,62,5/16/2023,3/25/2023,dvaskovm1,bbeeckerm1
795,374,10/20/2023,12/19/2023,cgodsellm2,kpalmarm2
796,93,2/2/2024,5/2/2023,cjarlmannm3,ddessentm3
797,590,6/5/2023,4/14/2023,ccockshottm4,tsticklandm4
798,51,3/18/2023,12/28/2023,ctipplerm5,vleonardsm5
799,627,12/1/2023,9/4/2023,dwormellm6,mdutnellm6
800,656,9/2/2023,7/28/2023,dhallyburtonm7,bgalvanm7
801,224,2/15/2023,1/7/2024,tbowskillm8,dmurrumm8
802,446,6/18/2023,9/19/2023,eswallwellm9,sklimkom9
803,980,8/9/2023,4/27/2023,jrosenbladma,slunamma
804,712,1/13/2024,11/10/2023,rclaussenmb,udurransmb
805,613,7/27/2023,12/5/2023,ocoxallmc,tmurismc
806,572,2/7/2023,4/4/2023,fcollinwoodmd,sgreschikmd
807,56,4/10/2023,1/7/2024,dnockoldsme,dlahyme
808,628,6/11/2023,5/9/2023,wgillanmf,dgershommf
809,937,6/30/2023,3/25/2023,tcreanemg,eweitzelmg
810,835,11/28/2023,9/8/2023,vchitteymh,jguysmh
811,669,4/10/2023,11/26/2023,xnelsenmi,cosheilsmi
812,61,4/8/2023,10/19/2023,kdudekmj,rpurkissmj
813,485,4/20/2023,7/7/2023,awebenmk,vmulhillmk
814,827,7/26/2023,12/12/2023,hollisml,odunphyml
815,158,8/17/2023,6/4/2023,acoreymm,ccashfordmm
816,530,5/10/2023,7/20/2023,fburdfieldmn,btummasuttimn
817,100,4/25/2023,12/29/2023,mbrynsmo,mbarthroppmo
818,496,1/4/2024,4/2/2023,gracciomp,eallibonmp
819,532,7/27/2023,11/2/2023,mfortnammq,sbartalonimq
820,252,10/20/2023,3/19/2023,yebsworthmr,wwoolismr
821,921,12/1/2023,4/1/2023,dgawms,gaureliusms
822,573,4/26/2023,4/1/2023,fpennonemt,cthickensmt
823,988,9/13/2023,1/23/2024,ibowchermu,abrillmu
824,631,7/29/2023,7/14/2023,lcleevesmv,nluckinmv
825,20,12/29/2023,2/25/2023,krobathonmw,rrubertellimw
826,637,3/20/2023,6/9/2023,avaudinmx,mjeremaesmx
827,692,8/11/2023,3/6/2023,mfentonmy,bpayntermy
828,701,5/24/2023,8/27/2023,dbygreavesmz,ceveralmz
829,852,1/27/2024,12/29/2023,lreidn0,gindgen0
830,566,3/18/2023,5/20/2023,bbattlestonen1,mcoombern1
831,890,12/7/2023,8/5/2023,ctomaszewskin2,mdemetrn2
832,371,9/23/2023,2/23/2023,bsorrilln3,ekurtisn3
833,417,7/31/2023,8/11/2023,cferraronn4,ralbanyn4
834,314,5/23/2023,4/9/2023,sshuten5,pdowdan5
835,788,7/4/2023,12/30/2023,aeasterfieldn6,jjeffesn6
836,662,3/18/2023,1/13/2024,saldersean7,gtrevertonn7
837,987,1/15/2024,6/22/2023,tsantern8,pbaumertn8
838,6,10/6/2023,9/6/2023,gbeechenon9,etravissn9
839,560,3/31/2023,3/26/2023,hgadiena,kbemandna
840,950,6/15/2023,6/24/2023,hskitterelnb,lcammockenb
841,344,6/13/2023,3/3/2023,mdionisettonc,sdegowenc
842,352,8/1/2023,2/7/2023,edavidofskind,glecordiernd
843,787,10/5/2023,4/19/2023,eaujeanne,bandreinine
844,866,3/31/2023,6/17/2023,yshenfishnf,vmacgillivraynf
845,531,4/3/2023,3/17/2023,cebdonng,jdowtyng
846,804,5/29/2023,5/13/2023,olydiardnh,cdionisettonh
847,470,8/19/2023,6/18/2023,fcashellni,everrilloni
848,712,1/8/2024,9/8/2023,lhawkinsnj,gsawdynj
849,687,1/24/2024,7/28/2023,bspriddlenk,lcrutchleynk
850,343,5/3/2023,9/18/2023,elamportnl,freennl
851,997,6/22/2023,4/3/2023,ssamsinnm,twearingnm
852,376,6/21/2023,6/11/2023,lpenrithnn,igreenheadnn
853,400,11/26/2023,10/15/2023,lantonino,cfilasovno
854,329,12/6/2023,3/21/2023,vcherrisonnp,efantonenp
855,850,6/6/2023,11/3/2023,ldrancenq,knesfieldnq
856,539,3/3/2023,4/10/2023,wsplevingnr,pionnr
857,81,8/16/2023,2/25/2023,hhildrewns,acoddringtonns
858,675,3/21/2023,5/16/2023,zcorteznt,lklimpkent
859,35,7/1/2023,6/20/2023,ehallbirdnu,djacquemotnu
860,294,11/25/2023,7/4/2023,fgliddernv,tclaquenv
861,479,9/24/2023,11/19/2023,gbosticknw,jcholdcroftnw
862,525,7/18/2023,12/9/2023,hiacobonx,ecovellnx
863,643,8/16/2023,12/9/2023,rleekeny,hdivellny
864,39,12/13/2023,1/24/2024,rclellenz,kbalderstonnz
865,348,3/8/2023,11/28/2023,estampfero0,brehoreko0
866,883,1/5/2024,12/25/2023,tmoutrayreado1,tbannestero1
867,773,11/30/2023,1/6/2024,bnelthroppo2,dfisbeyo2
868,98,9/15/2023,1/28/2024,flammaso3,ceilharto3
869,549,10/7/2023,7/6/2023,mblackleyo4,kgunnyo4
870,850,10/19/2023,12/30/2023,bcasaccioo5,nloughneyo5
871,654,4/25/2023,3/3/2023,lbentleyo6,jsweenyo6
872,957,3/8/2023,10/10/2023,rcauldwello7,llockhursto7
873,150,10/22/2023,2/15/2023,ccherno8,bdayeso8
874,312,9/20/2023,7/6/2023,fjakelo9,dcorragano9
875,27,8/3/2023,4/2/2023,tdifriscooa,mbodilloa
876,402,8/12/2023,11/20/2023,ubazeleyob,oposseob
877,592,3/19/2023,11/16/2023,sberrimanoc,hpeabodyoc
878,163,7/27/2023,12/28/2023,dmcrobbod,gtuillerod
879,783,12/11/2023,10/19/2023,hmatuszkiewiczoe,lstockingoe
880,334,5/1/2023,4/24/2023,hdellaof,jdunfordof
881,107,10/29/2023,5/29/2023,nbourgetog,kmcclarenog
882,379,3/30/2023,9/1/2023,fmarioneauoh,vmaaszoh
883,753,3/15/2023,5/6/2023,kthemloi,lwoodruffeoi
884,694,7/21/2023,1/31/2024,jbidnalloj,ghayeoj
885,973,7/23/2023,7/24/2023,aelcottok,dledingtonok
886,298,10/27/2023,3/1/2023,bsteedol,astothardol
887,36,3/12/2023,12/16/2023,ochirmom,mbrinklerom
888,320,1/28/2024,6/15/2023,dtrillon,bashmoleon
889,35,8/20/2023,2/26/2023,lferriesoo,kmilillooo
890,822,6/5/2023,7/26/2023,mkennallyop,gnutleyop
891,488,2/5/2023,7/24/2023,agoalbyoq,gduelloq
892,10,7/12/2023,5/11/2023,ewalliceor,cbaillieor
893,707,1/18/2024,6/9/2023,rborehamos,cpaolottoos
894,915,11/1/2023,6/30/2023,leneasot,jkernermannot
895,793,2/12/2023,6/20/2023,egreatrakesou,vloosmoreou
896,945,3/6/2023,6/23/2023,vorryov,acrennanov
897,96,7/24/2023,8/2/2023,dscuseow,mbuckberryow
898,267,11/2/2023,12/18/2023,tsalackox,bdeneox
899,887,11/16/2023,6/28/2023,rnorkettoy,dbreezeoy
900,132,6/10/2023,2/18/2023,jshireroz,skinnaneoz
901,826,8/4/2023,5/12/2023,sgillamp0,lburlingamep0
902,120,1/25/2024,11/16/2023,htammadgep1,apeppardp1
903,259,8/5/2023,12/2/2023,bwearnep2,mbethelp2
904,225,1/16/2024,8/21/2023,jsimmersp3,ewandp3
905,915,11/17/2023,1/3/2024,gchislettp4,rdenorep4
906,342,8/17/2023,9/25/2023,gcloakep5,bcleverleyp5
907,218,7/29/2023,3/30/2023,bmacbarronp6,cpetrashovp6
908,106,9/18/2023,7/24/2023,bnunanp7,pbarensep7
909,819,7/20/2023,2/16/2023,vebbagep8,mburfieldp8
910,990,8/15/2023,5/4/2023,arosellinip9,kdroghanp9
911,96,6/28/2023,6/6/2023,cbrownleepa,bandrichukpa
912,257,7/3/2023,1/15/2024,cquaintancepb,hmccleodpb
913,931,6/28/2023,9/25/2023,wgriggpc,dvonoertzenpc
914,978,8/24/2023,8/1/2023,hwinchesterpd,dskitchpd
915,25,1/24/2024,11/22/2023,akittope,fhardimanpe
916,582,4/20/2023,1/6/2024,dricartpf,rjordonpf
917,818,6/18/2023,12/11/2023,lstormontpg,nvautrepg
918,839,2/19/2023,4/11/2023,awiddopph,ntipperph
919,534,11/28/2023,8/6/2023,jdurkinpi,csquibbspi
920,943,3/31/2023,4/28/2023,vscroggespj,spurdonpj
921,761,11/14/2023,9/26/2023,atwiddlepk,agittingpk
922,360,10/12/2023,3/2/2023,msterkepl,tlorainepl
923,674,1/11/2024,4/11/2023,lwaynepm,gosbaldstonepm
924,66,9/4/2023,7/3/2023,swhitmanpn,tfernehoughpn
925,336,2/24/2023,10/5/2023,vpoulsonpo,tsteablerpo
926,146,3/10/2023,7/8/2023,mudallpp,hlanphierpp
927,722,9/1/2023,11/26/2023,hstrakerpq,jmcphilippq
928,844,1/23/2024,4/9/2023,rrallingspr,hdellortopr
929,123,6/11/2023,9/9/2023,mdugoodps,caspps
930,354,8/9/2023,12/26/2023,snorleypt,borteauxpt
931,682,6/6/2023,7/19/2023,cmoffettpu,sstockspu
932,185,1/19/2024,1/27/2024,ncollspv,phutcheonpv
933,262,5/18/2023,1/20/2024,dogreadypw,rbrigstockpw
934,585,11/30/2023,9/19/2023,rsculleypx,gjouenpx
935,746,5/24/2023,12/24/2023,dholwellpy,tfrearsonpy
936,117,3/8/2023,4/27/2023,nwohlerpz,btarrpz
937,890,4/22/2023,10/28/2023,gtrusdaleq0,lsummerlyq0
938,982,3/27/2023,12/25/2023,rlancetterq1,ablackallerq1
939,446,12/31/2023,11/3/2023,dfeeheryq2,gayreq2
940,481,11/18/2023,1/3/2024,rstonehouseq3,dgronousq3
941,99,7/5/2023,6/24/2023,aqueripelq4,ldeevesq4
942,575,12/18/2023,9/10/2023,rmingardoq5,clemerieq5
943,312,12/15/2023,5/5/2023,hkaneq6,adaubneyq6
944,893,1/28/2024,11/18/2023,cbottomerq7,cedginq7
945,110,6/14/2023,12/12/2023,wsercombeq8,mduffinq8
946,345,6/25/2023,5/17/2023,iwilflingq9,mpiesingq9
947,586,7/10/2023,4/22/2023,emattekqa,lgiacobilioqa
948,288,10/25/2023,1/25/2024,mdelgadilloqb,hwaterstoneqb
949,873,7/12/2023,5/25/2023,cleadbeaterqc,mmannakeeqc
950,726,2/20/2023,9/28/2023,kprydeqd,fbarajaqd
951,815,9/30/2023,5/6/2023,gsumpnerqe,dtrusslerqe
952,829,5/19/2023,6/20/2023,linskoqf,ndunsqf
953,668,11/2/2023,11/14/2023,jpasmoreqg,jmustoeqg
954,820,12/3/2023,5/27/2023,brokeqh,frummingqh
955,343,1/11/2024,12/26/2023,dbedburrowqi,kmartensenqi
956,539,7/16/2023,4/17/2023,sivashnyovqj,sstennettqj
957,367,7/20/2023,12/19/2023,bgolsbyqk,dwhibleyqk
958,946,11/17/2023,11/13/2023,asellarql,qchellql
959,784,10/6/2023,4/30/2023,mmckueqm,hlambolqm
960,842,10/29/2023,8/23/2023,dhaconqn,jallabushqn
961,201,12/23/2023,1/5/2024,bwilshereqo,gdibbsqo
962,335,3/16/2023,11/23/2023,gellimanqp,pgodferyqp
963,232,11/10/2023,1/19/2024,khellwigqq,zsadgroveqq
964,810,2/22/2023,4/2/2023,mbernadzkiqr,pbraisherqr
965,563,10/1/2023,2/10/2023,edoughartyqs,sluneyqs
966,19,11/26/2023,4/10/2023,mlegonidecqt,ddignanqt
967,747,8/22/2023,1/29/2024,cbeckensallqu,amcmurthyqu
968,357,9/14/2023,8/11/2023,jdyeqv,ncanetqv
969,187,6/22/2023,7/27/2023,mpepineauxqw,kbouldqw
970,664,4/25/2023,7/28/2023,fhadlandqx,amalsherqx
971,393,1/8/2024,10/23/2023,ubanasikqy,tpollieqy
972,371,5/6/2023,6/30/2023,hespadaqz,opatientqz
973,534,12/30/2023,11/15/2023,efechnier0,mlougheidr0
974,809,11/10/2023,12/5/2023,stowersr1,jsnassellr1
975,726,5/5/2023,10/28/2023,jviallr2,bandoverr2
976,130,9/12/2023,1/21/2024,cfayermanr3,scovottor3
977,230,11/9/2023,5/5/2023,gglayzerr4,hgaynesr4
978,84,4/25/2023,6/13/2023,jpeyntuer5,hjosephsr5
979,286,10/25/2023,11/12/2023,cbraidr6,rpymr6
980,419,6/13/2023,6/4/2023,smoycer7,nskedger7
981,42,8/21/2023,3/29/2023,nwigginr8,sflescherr8
982,144,9/6/2023,8/15/2023,lproschr9,breitenbachr9
983,771,3/29/2023,3/10/2023,npaschekra,fjoselevitzra
984,23,1/7/2024,10/8/2023,jcontirb,jheinigrb
985,267,5/5/2023,11/4/2023,ewiganrc,hsheararc
986,240,10/30/2023,11/6/2023,dpusillrd,vepiletrd
987,919,6/19/2023,12/29/2023,tcolbridgere,bjoiceyre
988,410,10/22/2023,3/15/2023,rleaferf,rtomasikrf
989,466,9/29/2023,3/7/2023,hwarkerg,swayperrg
990,182,12/10/2023,4/22/2023,kbudgetrh,ojamotrh
991,957,7/18/2023,1/16/2024,mfineyri,abenallackri
992,938,9/5/2023,12/1/2023,efownesrj,lbuffrj
993,439,12/19/2023,11/26/2023,ujentinrk,hhousenrk
994,112,10/22/2023,6/2/2023,rfenbyrl,tmcskinrl
995,816,6/26/2023,7/29/2023,abrunescorm,afylanrm
996,354,5/10/2023,10/25/2023,dmacconaghyrn,folletrn
997,607,10/28/2023,11/11/2023,mrapsonro,osuthworthro
998,153,6/20/2023,3/30/2023,ajackesrp,wbritcherrp
999,611,3/30/2023,9/21/2023,sbwyrq,ctirerq
1000,146,1/5/2024,8/7/2023,wdrainrr,tbumpasrr
