id,cart_id,product_id,quantity,created_at,updated_at,created_by,updated_by
1,362,578,2,2/23/2023,3/10/2023,pfarreil0,fstamps0
2,889,319,1,12/12/2023,6/5/2023,rtrundle1,zdenekamp1
3,671,985,2,7/27/2023,7/24/2023,wlittleover2,lbolesma2
4,514,439,3,6/12/2023,6/17/2023,kavraham3,psolomon3
5,137,519,2,10/10/2023,6/29/2023,dstrowthers4,pogus4
6,893,445,1,8/29/2023,1/26/2024,dchilver5,ecawsey5
7,336,223,4,12/21/2023,12/14/2023,rstradling6,apiken6
8,467,956,2,4/17/2023,9/25/2023,dmcgee7,mnornable7
9,448,577,1,8/7/2023,5/24/2023,khazeldean8,sgoldingay8
10,134,25,1,9/11/2023,8/14/2023,schildrens9,rsterte9
11,360,86,1,7/20/2023,11/12/2023,lducrowa,jjurasza
12,104,983,2,2/12/2023,12/19/2023,snoblesb,bsoameb
13,130,318,3,5/27/2023,7/6/2023,enormavellc,jbyrthc
14,566,811,1,1/8/2024,3/14/2023,hlukehurstd,amachostied
15,127,202,2,1/25/2024,9/14/2023,ebellinoe,nsommertone
16,842,869,1,2/24/2023,2/6/2023,sroyanf,bfarmerf
17,721,111,4,4/10/2023,9/27/2023,pcopemang,lauklandg
18,510,444,4,11/1/2023,12/10/2023,rshickleh,jpargetterh
19,40,82,4,12/12/2023,1/12/2024,gdyosi,telletoni
20,182,734,1,10/14/2023,6/21/2023,ocarvillej,otipplej
21,952,99,2,7/31/2023,9/18/2023,emartinettok,aalgiek
22,579,598,4,9/10/2023,8/15/2023,eremmersl,rbeausangl
23,27,758,3,2/6/2023,6/30/2023,wwinchcombem,slandersm
24,229,813,4,12/26/2023,8/22/2023,vstrittonn,tegdaln
25,503,158,4,1/28/2024,7/19/2023,lhurleyo,ceastopo
26,560,321,1,8/15/2023,2/15/2023,osenecauxp,hdullinghamp
27,592,753,4,7/8/2023,10/7/2023,lwarmanq,mmcnameeq
28,103,306,2,2/10/2023,11/21/2023,gthyingr,mmelledyr
29,327,483,2,8/2/2023,9/18/2023,bkentons,mdanns
30,444,74,2,10/31/2023,1/13/2024,bshearat,gclawt
31,236,644,4,5/20/2023,3/15/2023,gcattiniu,matkirku
32,329,206,4,8/19/2023,7/7/2023,ddallmanv,ealbisserv
33,628,33,1,4/12/2023,5/19/2023,wjancsow,ecoonihanw
34,572,970,2,7/16/2023,7/22/2023,jmagovernx,eblevinx
35,130,286,4,3/16/2023,5/11/2023,ebuckerfieldy,mshimminy
36,939,478,4,10/28/2023,7/16/2023,tdanielyz,vemminesz
37,777,860,3,3/6/2023,4/18/2023,odullingham10,cstackbridge10
38,890,495,3,3/28/2023,4/2/2023,darnell11,fqueyos11
39,964,137,3,11/20/2023,5/13/2023,cdegan12,covesen12
40,942,984,1,6/5/2023,1/14/2024,spoupard13,wobreen13
41,88,605,2,9/28/2023,9/1/2023,cmccanny14,ebartleet14
42,833,453,2,5/27/2023,8/23/2023,mmcgillicuddy15,ebonde15
43,758,69,1,5/15/2023,6/28/2023,odeblasi16,dadney16
44,728,94,3,5/25/2023,6/5/2023,djeannel17,mtremlett17
45,471,421,4,7/30/2023,8/7/2023,jbriar18,lzorzi18
46,247,693,2,2/5/2023,1/28/2024,gcabble19,roswick19
47,101,762,3,2/6/2023,8/19/2023,mmeadway1a,aedmed1a
48,979,479,3,8/7/2023,4/10/2023,ksalomon1b,arableau1b
49,434,520,1,1/5/2024,4/9/2023,elindgren1c,rlearoyde1c
50,304,854,3,1/30/2024,1/10/2024,omaccaddie1d,rstoyle1d
51,985,604,4,4/26/2023,9/17/2023,bpaoli1e,edeambrosi1e
52,926,370,3,12/8/2023,1/18/2024,mjirieck1f,aiacovaccio1f
53,430,158,1,10/30/2023,4/13/2023,djadczak1g,eokinedy1g
54,366,591,4,6/30/2023,10/22/2023,rbisiker1h,jmacknocker1h
55,195,397,2,3/24/2023,7/25/2023,arudloff1i,rgarfield1i
56,411,459,2,4/3/2023,12/30/2023,mserchwell1j,mczaple1j
57,872,620,2,3/7/2023,10/14/2023,dhabben1k,tadamek1k
58,549,82,1,5/3/2023,11/15/2023,ncaldecott1l,smagrane1l
59,157,791,2,9/15/2023,1/11/2024,rvecard1m,dpaoletto1m
60,241,923,1,12/23/2023,11/7/2023,vcheyne1n,inoke1n
61,908,749,4,2/2/2024,1/18/2024,dpeasegod1o,ibrister1o
62,292,879,1,11/13/2023,9/9/2023,swindybank1p,mcranage1p
63,763,780,4,2/7/2023,7/23/2023,dkilcoyne1q,ispritt1q
64,750,844,4,3/11/2023,3/9/2023,vvandrill1r,rharriskine1r
65,709,677,4,7/13/2023,3/18/2023,amirrlees1s,dtubbles1s
66,589,737,3,7/12/2023,12/24/2023,pkinnerk1t,menglishby1t
67,467,138,2,9/2/2023,7/28/2023,pclausewitz1u,bismail1u
68,961,757,1,8/1/2023,1/11/2024,hcripin1v,mlemerle1v
69,126,838,2,4/8/2023,3/7/2023,avandervelde1w,hwilliams1w
70,30,803,1,1/11/2024,12/9/2023,ipitman1x,lbatie1x
71,428,279,3,9/17/2023,9/18/2023,mseeking1y,iboustred1y
72,559,487,1,12/19/2023,8/7/2023,nirce1z,smartinet1z
73,451,655,4,12/2/2023,1/10/2024,kskelton20,sscarre20
74,433,384,2,9/2/2023,10/31/2023,mgeekie21,sgiannassi21
75,227,429,2,3/5/2023,3/9/2023,rpickin22,bcapstake22
76,971,792,1,4/8/2023,1/10/2024,salyukin23,hmacphee23
77,292,881,3,2/2/2024,1/16/2024,wdreamer24,srumney24
78,470,826,3,12/2/2023,12/6/2023,kmcdoual25,mmerrell25
79,564,786,2,1/1/2024,3/29/2023,ltitmus26,bheathcote26
80,957,779,1,10/4/2023,1/20/2024,bfairall27,ayezafovich27
81,704,52,2,7/25/2023,9/22/2023,mlewing28,npash28
82,795,585,1,2/13/2023,1/9/2024,eallmark29,ngorton29
83,898,692,1,5/14/2023,2/23/2023,ltiley2a,ntimpany2a
84,956,842,4,2/16/2023,7/28/2023,bbotley2b,ebaldacchino2b
85,460,561,2,8/20/2023,3/13/2023,lwarfield2c,afedorski2c
86,900,143,4,4/21/2023,1/13/2024,brayburn2d,rcleaves2d
87,966,188,4,1/16/2024,1/28/2024,qlumsden2e,acuchey2e
88,536,293,3,4/23/2023,5/30/2023,wmanuello2f,vmickleburgh2f
89,209,876,1,1/15/2024,1/5/2024,cchelam2g,pdobbing2g
90,214,960,1,6/13/2023,6/5/2023,abiasetti2h,cburthom2h
91,337,520,2,4/22/2023,3/21/2023,klettuce2i,cenevoldsen2i
92,604,564,4,1/28/2024,1/6/2024,smantz2j,asheerin2j
93,79,742,1,10/2/2023,12/24/2023,adursley2k,jsarll2k
94,817,828,1,5/28/2023,6/4/2023,abroadbear2l,sdohmann2l
95,62,441,2,2/22/2023,4/28/2023,tcauston2m,scuardall2m
96,113,978,3,6/25/2023,2/24/2023,wcoysh2n,lpawley2n
97,489,618,1,3/8/2023,10/15/2023,bhayworth2o,csoda2o
98,184,358,4,4/7/2023,6/5/2023,ffolk2p,rbossingham2p
99,984,548,3,5/10/2023,4/14/2023,cfilipczak2q,ssomerville2q
100,947,761,4,9/11/2023,9/17/2023,gcanedo2r,eswin2r
101,468,694,2,1/24/2024,5/24/2023,mperigeaux2s,mwoodnutt2s
102,87,962,3,3/1/2023,9/20/2023,dkennerknecht2t,gcraster2t
103,144,752,4,11/7/2023,5/30/2023,lcofax2u,gdufore2u
104,500,10,3,10/22/2023,2/24/2023,kqueripel2v,rdoddemeade2v
105,777,742,2,5/23/2023,4/26/2023,fpride2w,ddisbrow2w
106,929,914,4,9/19/2023,5/10/2023,mblitzer2x,fingerman2x
107,116,117,3,5/8/2023,5/30/2023,pcussen2y,ikopke2y
108,564,588,4,6/28/2023,9/14/2023,varkin2z,bgittings2z
109,109,605,4,6/30/2023,7/1/2023,bmatzke30,hsturman30
110,218,301,4,10/1/2023,1/1/2024,sboyles31,cduggen31
111,622,136,1,4/15/2023,11/18/2023,gbollans32,miczokvitz32
112,208,741,2,4/29/2023,9/22/2023,jrosario33,rphilipeaux33
113,618,654,4,3/12/2023,6/25/2023,cceresa34,tdowty34
114,182,912,4,8/24/2023,2/14/2023,fburnsides35,pjonke35
115,308,18,3,11/10/2023,12/18/2023,achicco36,gcholerton36
116,903,865,4,7/29/2023,4/22/2023,ccockcroft37,vsandever37
117,694,412,4,8/10/2023,6/6/2023,mingreda38,tbloan38
118,567,515,3,11/17/2023,2/8/2023,mkenset39,rmeininger39
119,476,200,1,8/29/2023,5/9/2023,acowdroy3a,givchenko3a
120,86,370,1,10/28/2023,2/13/2023,mwoodberry3b,tiacomettii3b
121,608,662,2,8/4/2023,7/13/2023,bchilton3c,nhardisty3c
122,707,374,2,6/16/2023,9/16/2023,klorenzini3d,hcansfield3d
123,381,558,1,4/16/2023,12/18/2023,fsketcher3e,hdoleman3e
124,211,22,1,7/31/2023,11/19/2023,rrobardey3f,opea3f
125,838,477,4,5/29/2023,6/3/2023,cbratch3g,rmattys3g
126,107,221,4,5/16/2023,10/26/2023,tkollaschek3h,tbadcock3h
127,628,884,4,5/14/2023,1/29/2024,akelledy3i,cmatantsev3i
128,194,379,3,10/5/2023,3/25/2023,reldon3j,flogesdale3j
129,876,212,2,2/26/2023,4/3/2023,oroset3k,bsperling3k
130,735,600,2,9/4/2023,11/16/2023,uhryskiewicz3l,ddurrand3l
131,341,891,2,5/8/2023,9/3/2023,gwatmough3m,wkingston3m
132,711,947,3,9/15/2023,1/29/2024,aoldroyde3n,bjoontjes3n
133,614,292,1,6/27/2023,3/4/2023,mblight3o,rhursey3o
134,832,562,4,8/19/2023,9/4/2023,tdelcastello3p,gsandall3p
135,340,43,2,6/3/2023,9/24/2023,iburkinshaw3q,mdurnford3q
136,223,70,2,10/21/2023,4/28/2023,gtreend3r,hliggins3r
137,150,107,4,12/25/2023,7/8/2023,ddan3s,bglaum3s
138,123,98,3,9/21/2023,1/26/2024,kmuscat3t,drzehor3t
139,143,701,2,1/16/2024,1/1/2024,gaxtonne3u,chargreave3u
140,467,955,3,2/19/2023,11/24/2023,cnoblett3v,jbrodbin3v
141,960,560,2,11/29/2023,11/8/2023,gbumpus3w,ccawsey3w
142,147,960,4,2/3/2024,6/24/2023,jgylle3x,chambridge3x
143,434,837,4,4/7/2023,10/3/2023,npeters3y,caldington3y
144,660,909,3,3/21/2023,9/16/2023,mrubinowitsch3z,hphripp3z
145,275,223,4,7/23/2023,8/2/2023,kgreenhill40,abreeds40
146,807,156,3,2/9/2023,4/1/2023,mroach41,kfulk41
147,520,46,4,8/16/2023,8/11/2023,odrillingcourt42,kaspling42
148,911,939,3,8/19/2023,11/23/2023,zvanderstraaten43,bdowner43
149,441,621,1,1/4/2024,9/3/2023,poxbrough44,lcadigan44
150,867,896,1,3/10/2023,5/26/2023,mpeetermann45,mjepensen45
151,598,916,1,12/20/2023,3/6/2023,kpawlyn46,chowood46
152,565,610,2,5/31/2023,8/10/2023,mscourfield47,cplail47
153,113,50,2,10/25/2023,9/27/2023,jyorath48,iraitt48
154,437,724,4,9/28/2023,12/29/2023,palf49,rlyman49
155,447,824,3,9/24/2023,6/12/2023,ckilsby4a,opepler4a
156,820,226,4,1/1/2024,3/1/2023,ndivell4b,bgorcke4b
157,114,704,3,12/30/2023,6/18/2023,ealbinson4c,fdunham4c
158,980,149,2,7/30/2023,8/17/2023,pdonnersberg4d,tcamblin4d
159,706,227,4,2/7/2023,9/12/2023,shains4e,cpauli4e
160,21,782,4,7/3/2023,5/30/2023,dhurran4f,zzealander4f
161,195,693,2,3/10/2023,9/23/2023,apaulig4g,mrussel4g
162,570,248,3,6/27/2023,7/15/2023,biacopetti4h,cmacdowal4h
163,811,977,3,7/14/2023,5/21/2023,dphilliskirk4i,bshaefer4i
164,243,284,3,1/27/2024,4/7/2023,npamplin4j,ccawson4j
165,498,63,4,5/5/2023,10/29/2023,cclotworthy4k,hfigura4k
166,737,258,3,7/8/2023,12/11/2023,cknotte4l,wcoggan4l
167,821,147,4,9/20/2023,9/2/2023,mfransoni4m,jryrie4m
168,470,233,4,4/16/2023,10/31/2023,jmussington4n,vgrogona4n
169,836,85,2,1/19/2024,1/12/2024,mphebey4o,jnealy4o
170,252,502,1,10/14/2023,3/20/2023,eglenfield4p,abaile4p
171,576,841,2,8/25/2023,10/5/2023,abidewell4q,tperl4q
172,711,655,2,11/2/2023,1/4/2024,glefriec4r,dabrehart4r
173,468,398,4,4/25/2023,1/25/2024,apetrolli4s,wcullity4s
174,381,419,1,8/19/2023,9/25/2023,cmcgucken4t,ncharteris4t
175,771,362,1,4/30/2023,3/23/2023,rkellaway4u,hdarko4u
176,303,466,3,3/22/2023,5/30/2023,otresvina4v,kaberdein4v
177,377,264,2,5/21/2023,5/9/2023,orossi4w,fwessel4w
178,191,161,1,7/5/2023,1/19/2024,aworthing4x,jreddings4x
179,935,282,2,10/24/2023,7/6/2023,mplews4y,ngrogan4y
180,612,294,3,1/23/2024,6/9/2023,edibdin4z,dmcbeith4z
181,328,729,2,12/31/2023,4/23/2023,sbrockelsby50,bfaulder50
182,721,819,2,5/20/2023,7/6/2023,dvanyatin51,mmcgibbon51
183,739,505,2,6/6/2023,9/8/2023,aruppele52,jpaddle52
184,776,528,4,5/3/2023,12/27/2023,frolland53,rblagden53
185,155,67,4,10/15/2023,11/6/2023,nfeldon54,mamesbury54
186,312,925,2,8/13/2023,3/31/2023,flalor55,ggammell55
187,502,970,1,9/30/2023,12/15/2023,admtrovic56,hdifranceshci56
188,393,385,4,4/13/2023,10/3/2023,aquestier57,mcuxon57
189,615,836,4,6/3/2023,3/3/2023,fkomorowski58,wgumly58
190,458,319,2,5/4/2023,2/23/2023,lfronczak59,mmoulsdall59
191,132,923,1,2/5/2023,12/1/2023,fluckings5a,mbraybrooke5a
192,161,256,1,5/1/2023,1/26/2024,lkauschke5b,tcurrum5b
193,195,7,2,6/10/2023,11/25/2023,gnenci5c,rconrard5c
194,256,162,1,9/24/2023,5/17/2023,akingston5d,tsotheby5d
195,455,229,2,2/14/2023,6/13/2023,rmarking5e,msanpher5e
196,130,158,4,1/19/2024,5/3/2023,dbiggadike5f,aaskwith5f
197,454,741,1,12/31/2023,7/31/2023,estag5g,mstanett5g
198,179,611,4,4/19/2023,4/12/2023,djordine5h,kquade5h
199,443,577,2,12/7/2023,7/30/2023,ctordoff5i,amattiacci5i
200,53,680,4,11/11/2023,2/27/2023,gteasey5j,dmccarver5j
201,190,526,4,10/12/2023,12/12/2023,cfines5k,pjosselson5k
202,853,396,2,2/19/2023,9/18/2023,cchetwynd5l,jcockran5l
203,707,16,1,5/8/2023,4/19/2023,ekeson5m,bpenhalewick5m
204,480,803,2,1/31/2024,3/19/2023,acapsey5n,cesler5n
205,31,83,4,5/1/2023,10/26/2023,hdixey5o,tfinan5o
206,247,561,1,3/28/2023,4/28/2023,okenneford5p,mhercock5p
207,906,661,2,3/11/2023,11/4/2023,ksarfas5q,smartello5q
208,679,887,2,2/27/2023,4/18/2023,gmckeown5r,mtuffley5r
209,425,218,2,5/9/2023,9/27/2023,mdelmonte5s,esabbin5s
210,943,328,2,8/16/2023,9/23/2023,abartens5t,choyle5t
211,572,48,4,2/26/2023,12/26/2023,arust5u,bculbert5u
212,921,793,3,6/28/2023,3/23/2023,gdixey5v,lsherry5v
213,667,614,4,9/24/2023,1/14/2024,zricardin5w,tmatzel5w
214,77,953,4,4/23/2023,3/8/2023,kfolini5x,jfishbie5x
215,586,650,3,4/15/2023,4/18/2023,mtrewin5y,gearney5y
216,914,897,2,12/23/2023,8/18/2023,dspirritt5z,wcallcott5z
217,704,278,4,8/3/2023,6/20/2023,bleprovest60,atarver60
218,714,487,1,9/5/2023,4/23/2023,bdevanney61,jlehmann61
219,100,960,1,2/27/2023,1/11/2024,bsanderson62,jdandrea62
220,109,561,1,2/20/2023,10/7/2023,gjailler63,akunzler63
221,810,968,3,8/23/2023,3/9/2023,alendon64,rshieldon64
222,863,382,4,8/7/2023,5/29/2023,mrushmare65,jofer65
223,316,431,4,12/28/2023,11/10/2023,dgethyn66,krollett66
224,583,992,3,10/9/2023,3/2/2023,bpestridge67,mcrichmer67
225,408,666,4,9/7/2023,10/30/2023,esellor68,tcud68
226,699,126,1,4/1/2023,3/15/2023,sbrydone69,rfouracre69
227,394,740,4,2/12/2023,6/3/2023,sgier6a,fthynne6a
228,298,386,4,11/30/2023,12/2/2023,eproback6b,edadson6b
229,228,329,4,9/23/2023,12/28/2023,mglendza6c,hhucks6c
230,18,718,2,4/13/2023,10/28/2023,jborer6d,pfugere6d
231,417,667,2,3/8/2023,11/20/2023,mgatrell6e,tbennough6e
232,568,152,1,1/6/2024,2/14/2023,ddoudney6f,gcastan6f
233,563,453,1,7/14/2023,9/26/2023,tpiddletown6g,msalack6g
234,922,758,1,8/15/2023,7/12/2023,jaddicote6h,kolsen6h
235,19,337,3,12/9/2023,10/27/2023,asuermeiers6i,llamers6i
236,758,731,3,10/2/2023,2/10/2023,mlimerick6j,cmandrake6j
237,320,272,2,4/23/2023,8/26/2023,hcripps6k,cluten6k
238,67,614,2,10/22/2023,10/21/2023,jsclater6l,eelletson6l
239,832,575,2,3/27/2023,4/3/2023,dshelford6m,mkmieciak6m
240,257,364,4,1/20/2024,1/7/2024,cfroude6n,ethornewell6n
241,940,397,1,10/12/2023,5/12/2023,tphilipard6o,cgilffillan6o
242,68,347,2,1/30/2024,5/11/2023,sbickerton6p,tvasyunin6p
243,69,283,2,7/10/2023,4/11/2023,olongthorn6q,hgregorin6q
244,66,408,2,6/16/2023,3/27/2023,dstoker6r,pcary6r
245,65,817,2,5/2/2023,5/16/2023,omccaig6s,gcordoba6s
246,350,262,2,2/11/2023,2/11/2023,marsey6t,sdarmody6t
247,670,628,1,3/20/2023,7/25/2023,drobilart6u,geastman6u
248,340,455,1,8/5/2023,7/7/2023,mwhitnell6v,bhare6v
249,810,342,1,2/5/2023,1/30/2024,tvanderhoeven6w,uchattey6w
250,358,858,2,2/5/2023,6/22/2023,vsolleme6x,kalasdair6x
251,930,429,2,8/5/2023,5/30/2023,iellingham6y,nwoolfenden6y
252,256,670,4,8/17/2023,1/19/2024,lpollendine6z,grodbourne6z
253,27,112,3,6/27/2023,4/7/2023,bdoleman70,tsantarelli70
254,905,554,1,5/28/2023,12/6/2023,rknott71,jwoodrough71
255,479,562,4,11/26/2023,2/26/2023,imalcher72,fwalden72
256,482,675,4,1/28/2024,3/12/2023,ltregunna73,fcrinkley73
257,247,189,1,5/22/2023,5/23/2023,adeniso74,btollet74
258,79,835,2,6/20/2023,10/25/2023,fkindon75,jfortin75
259,929,458,2,8/20/2023,10/21/2023,fbilt76,mcasino76
260,19,953,4,9/20/2023,4/4/2023,agorner77,dmulmuray77
261,896,735,2,2/5/2023,1/22/2024,dmacquire78,drodder78
262,799,264,2,1/27/2024,12/31/2023,lkaplin79,gdecourt79
263,867,516,4,12/5/2023,3/17/2023,dledamun7a,ggovett7a
264,436,469,1,6/11/2023,9/7/2023,bdungay7b,dcorke7b
265,464,631,4,4/7/2023,12/29/2023,aungerer7c,hmctiernan7c
266,750,3,4,2/14/2023,5/8/2023,gmcintee7d,gcourtenay7d
267,781,361,3,3/31/2023,3/10/2023,ecollelton7e,kshepard7e
268,737,197,2,4/10/2023,6/4/2023,pgredden7f,cbrellin7f
269,533,576,2,6/21/2023,8/7/2023,gtrail7g,mwillcocks7g
270,216,741,4,8/11/2023,1/14/2024,ggotling7h,aputten7h
271,685,70,2,8/2/2023,11/7/2023,sballentime7i,apohling7i
272,629,610,4,10/4/2023,12/15/2023,aleftly7j,rmaceur7j
273,593,955,2,4/16/2023,4/6/2023,vpedlow7k,ktillerton7k
274,829,884,2,4/11/2023,11/13/2023,rnicklinson7l,vdomaschke7l
275,502,513,1,10/4/2023,2/4/2024,acheshire7m,osackur7m
276,662,561,1,6/26/2023,8/13/2023,jcowlin7n,apalfreyman7n
277,280,34,2,6/21/2023,10/31/2023,cbachelor7o,ebester7o
278,649,120,3,12/7/2023,1/6/2024,jbrecken7p,alaurence7p
279,214,206,3,11/15/2023,5/20/2023,jbertenshaw7q,bspaxman7q
280,214,659,3,9/25/2023,2/12/2023,vblood7r,fdate7r
281,872,260,3,1/7/2024,12/16/2023,tmoody7s,lmarkson7s
282,560,2,3,3/4/2023,5/13/2023,jdubery7t,clovie7t
283,975,480,2,7/8/2023,2/5/2023,mklaessen7u,abackler7u
284,878,788,3,5/15/2023,5/21/2023,ubrearty7v,btarney7v
285,468,76,4,2/20/2023,5/16/2023,eburnhill7w,rgirke7w
286,808,395,1,4/13/2023,7/11/2023,acossey7x,wivanishev7x
287,661,607,2,10/29/2023,12/29/2023,jnapthine7y,khatherley7y
288,963,706,4,12/23/2023,8/17/2023,gmapes7z,mjorden7z
289,111,114,1,10/19/2023,6/14/2023,raxford80,pstillman80
290,760,164,3,11/19/2023,5/22/2023,cfilyushkin81,bcharsley81
291,492,966,2,1/20/2024,6/28/2023,gcoolican82,ohalle82
292,61,335,4,6/14/2023,6/24/2023,gedington83,gwoolens83
293,614,980,3,10/15/2023,10/19/2023,cchristy84,ebiaggetti84
294,378,757,3,7/10/2023,6/13/2023,jleheude85,lforrestor85
295,372,17,3,11/15/2023,6/21/2023,atopling86,mdawtrey86
296,257,666,3,1/15/2024,11/5/2023,osherbrook87,ablazdell87
297,608,457,2,5/29/2023,5/30/2023,obraunlein88,lfirebrace88
298,751,780,2,6/30/2023,3/4/2023,melen89,kjarrel89
299,911,369,2,3/12/2023,3/5/2023,roakden8a,lroger8a
300,942,913,3,8/28/2023,5/9/2023,slanston8b,bkilliam8b
301,880,617,3,6/27/2023,7/26/2023,sraund8c,bpignon8c
302,709,879,1,10/24/2023,10/31/2023,vstodit8d,rverillo8d
303,491,709,2,6/27/2023,9/29/2023,tclowser8e,ldoelle8e
304,949,368,1,5/6/2023,11/19/2023,kwilletts8f,asnasel8f
305,613,553,3,1/23/2024,12/31/2023,breneke8g,ssawle8g
306,416,971,1,5/31/2023,9/13/2023,hmcnee8h,bemanulsson8h
307,382,134,2,9/12/2023,4/14/2023,rgirardini8i,cferrant8i
308,930,800,3,10/27/2023,1/16/2024,ckrinks8j,mneem8j
309,128,441,4,1/25/2024,3/2/2023,dvogele8k,hheibl8k
310,851,844,2,11/12/2023,12/9/2023,arump8l,dhardway8l
311,234,73,2,10/21/2023,3/10/2023,mcuredale8m,gyushkin8m
312,905,825,3,12/3/2023,4/3/2023,pcregan8n,sdoget8n
313,433,639,3,9/22/2023,3/4/2023,lfarlow8o,dmateiko8o
314,535,858,4,7/5/2023,10/23/2023,mhubbocks8p,wcraufurd8p
315,610,190,4,8/5/2023,10/22/2023,ggodrich8q,kbriston8q
316,462,99,1,11/8/2023,3/19/2023,jdewdeny8r,gtant8r
317,678,736,2,10/17/2023,10/9/2023,dledeker8s,ksidden8s
318,647,419,2,2/3/2024,6/21/2023,nrouby8t,ldykes8t
319,37,330,2,2/7/2023,4/5/2023,oduckitt8u,amanifield8u
320,600,913,2,7/16/2023,8/29/2023,owooler8v,zoloughlin8v
321,252,413,3,3/13/2023,10/8/2023,lmenelaws8w,ahallihan8w
322,262,716,1,12/12/2023,8/27/2023,amackeeg8x,sjewar8x
323,369,970,2,12/24/2023,12/19/2023,ekasper8y,jrizzetti8y
324,524,922,4,2/11/2023,6/16/2023,fskypp8z,rswiggs8z
325,57,571,1,11/14/2023,12/6/2023,mmullins90,sdael90
326,29,88,3,8/27/2023,7/1/2023,jlongea91,myerrall91
327,840,792,3,4/18/2023,4/9/2023,dlanglais92,dbrimmell92
328,191,846,3,6/16/2023,12/22/2023,mfiney93,vbonaire93
329,363,616,4,2/16/2023,12/1/2023,sbrockelsby94,cnormant94
330,26,128,3,10/10/2023,7/16/2023,csheron95,omote95
331,102,429,2,7/30/2023,3/19/2023,sfrancisco96,gpendered96
332,75,728,2,10/7/2023,1/10/2024,tatmore97,kheaslip97
333,267,471,3,7/6/2023,3/4/2023,tblackleech98,obartlomiej98
334,230,12,3,6/27/2023,1/20/2024,gciric99,asullly99
335,251,693,3,12/12/2023,2/17/2023,lsilvermann9a,ngobourn9a
336,500,490,4,11/7/2023,7/19/2023,sbrangan9b,eengall9b
337,370,451,2,12/12/2023,9/9/2023,mruvel9c,rmanilo9c
338,283,503,3,7/31/2023,2/13/2023,keagleston9d,ggaythor9d
339,444,618,1,9/28/2023,8/2/2023,mtabner9e,lscardefield9e
340,716,729,3,9/12/2023,7/31/2023,wtreace9f,doconcannon9f
341,843,297,2,9/19/2023,9/12/2023,kparzis9g,lskeldinge9g
342,98,462,3,6/9/2023,7/15/2023,gschenfisch9h,rchatt9h
343,901,400,1,11/14/2023,2/28/2023,tcamplen9i,slakenton9i
344,218,61,2,2/11/2023,1/2/2024,kstigers9j,xclackson9j
345,480,254,1,3/26/2023,10/28/2023,ldepinna9k,skiely9k
346,324,799,4,5/1/2023,9/20/2023,hmacari9l,skares9l
347,667,677,1,6/23/2023,7/26/2023,dtoomer9m,mdzeniskevich9m
348,936,790,2,12/31/2023,1/25/2024,nwing9n,shutchcraft9n
349,766,416,1,2/2/2024,10/2/2023,bcloy9o,gnancarrow9o
350,566,239,3,7/24/2023,7/26/2023,lhampson9p,bfadian9p
351,28,299,4,11/8/2023,5/17/2023,rjacobssen9q,cbraznell9q
352,523,258,4,7/3/2023,4/1/2023,vchristoffersen9r,ttatum9r
353,347,675,4,6/30/2023,3/25/2023,ehaslin9s,akarczinski9s
354,637,866,2,12/10/2023,9/15/2023,jlampens9t,blittlejohns9t
355,72,155,2,4/22/2023,11/26/2023,dburchmore9u,searpe9u
356,34,966,1,4/4/2023,3/17/2023,rcockland9v,gcombes9v
357,211,529,2,12/19/2023,11/1/2023,lbraidman9w,rhulcoop9w
358,464,336,4,7/23/2023,4/15/2023,ccrosfeld9x,gdibden9x
359,938,89,4,3/21/2023,3/7/2023,ncrossthwaite9y,hholstein9y
360,216,820,3,7/21/2023,2/25/2023,rgravestone9z,bsubhan9z
361,957,34,1,3/12/2023,10/16/2023,afoucha0,hpenvardena0
362,784,420,1,11/6/2023,3/2/2023,rkeefea1,egrimma1
363,816,202,1,1/31/2024,12/27/2023,tdanbya2,lcalderheada2
364,544,789,3,1/19/2024,9/5/2023,caspalla3,wgrishenkova3
365,907,92,1,10/14/2023,4/27/2023,khudsona4,kconniama4
366,917,221,4,9/2/2023,4/7/2023,hruskea5,jgaythorpea5
367,627,353,3,2/7/2023,12/8/2023,ngerrita6,idarycotta6
368,455,291,4,10/4/2023,12/4/2023,tdahla7,bscottinia7
369,272,836,2,6/1/2023,3/13/2023,apitrellia8,rminghellaa8
370,890,846,1,6/11/2023,12/4/2023,sstutea9,mmidforda9
371,425,918,3,8/18/2023,5/2/2023,dmelodyaa,dbrauneaa
372,40,928,4,2/16/2023,7/20/2023,sdyneab,vgillespieab
373,90,702,1,8/19/2023,11/23/2023,gharrieac,tbartropac
374,568,220,1,8/26/2023,6/17/2023,kfrickead,droscamad
375,713,467,4,5/22/2023,5/31/2023,kknotonae,dmacgarveyae
376,837,373,4,4/7/2023,3/12/2023,hcavellaf,delliotaf
377,709,225,1,7/26/2023,2/22/2023,pspensag,mcrossbyag
378,396,115,4,2/20/2023,4/27/2023,mmclaffertyah,cinnwoodah
379,71,663,4,1/16/2024,4/17/2023,aattreyai,lwalkingtonai
380,87,202,1,7/16/2023,4/24/2023,jmagneaj,jwaelandaj
381,39,514,4,10/29/2023,7/1/2023,cdahmelak,sanwylak
382,63,578,4,7/7/2023,10/11/2023,astarkingsal,cocurranal
383,721,143,4,10/22/2023,1/2/2024,tdeningtonam,ynevettam
384,408,179,2,2/8/2023,11/20/2023,yduesburyan,dwyvillan
385,43,114,1,8/16/2023,7/31/2023,abiagioniao,cwarloweao
386,158,187,3,9/29/2023,3/24/2023,rwaudap,tcashmoreap
387,246,830,1,7/31/2023,7/10/2023,atallantaq,amaccardaq
388,870,729,4,12/24/2023,4/12/2023,cdunthornar,ghoulisonar
389,37,184,4,4/19/2023,7/20/2023,dfeachamas,cdavidoffas
390,376,465,4,12/19/2023,7/28/2023,psellandat,dempringhamat
391,373,216,2,4/13/2023,7/24/2023,ssooperau,npardyau
392,276,390,3,9/4/2023,6/5/2023,drenehanav,voughav
393,400,474,1,3/21/2023,7/31/2023,bclampeaw,dganteraw
394,613,627,3,3/13/2023,10/11/2023,eroxbroughax,awogdenax
395,700,604,4,7/27/2023,3/31/2023,kbasforday,ppendleberyay
396,212,948,3,4/23/2023,6/27/2023,cmedcalfeaz,bboswoodaz
397,731,231,2,12/3/2023,1/14/2024,kgregolb0,lbrissetb0
398,192,607,4,1/18/2024,6/13/2023,mdonawayb1,kvanderlindeb1
399,918,274,2,7/27/2023,5/4/2023,vlethleyb2,gchmielb2
400,736,675,3,9/27/2023,3/26/2023,hradishb3,lsahlstromb3
401,97,743,4,6/15/2023,11/25/2023,stoffolonib4,csilbertb4
402,2,11,2,3/25/2023,7/8/2023,aczapleb5,kcarraneb5
403,467,76,2,3/25/2023,10/17/2023,wciobotarob6,lmatousb6
404,10,720,1,10/29/2023,4/3/2023,igerblb7,wmathewsonb7
405,714,743,3,7/31/2023,11/1/2023,kmillisb8,ebleymanb8
406,612,796,1,11/8/2023,10/10/2023,stoleb9,cjennawayb9
407,746,882,2,10/31/2023,12/2/2023,bceschiba,tgrandinba
408,853,250,4,12/25/2023,12/8/2023,ssherbornebb,rellicottbb
409,941,28,3,6/5/2023,5/14/2023,ecotelardbc,mmapsonbc
410,540,537,4,2/2/2024,9/13/2023,tcaldwallbd,tspottiswoodebd
411,237,804,1,11/7/2023,3/21/2023,ltarrenbe,jlamplughbe
412,845,800,2,4/15/2023,12/31/2023,dskylettbf,bfriedlosbf
413,541,65,2,7/24/2023,8/31/2023,yquimbybg,ldoudneybg
414,115,808,1,8/4/2023,7/7/2023,csanpherbh,cattridebh
415,925,270,2,1/18/2024,5/10/2023,dpitkeathleybi,lthurlbybi
416,425,52,4,6/30/2023,1/14/2024,pdurantbj,lcristoforobj
417,478,214,3,7/18/2023,12/22/2023,ewellsmanbk,msrawleybk
418,800,557,2,10/5/2023,2/28/2023,lbusfieldbl,dwhatleybl
419,159,735,2,2/2/2024,6/10/2023,nhiggonetbm,bphilliphsbm
420,754,99,3,11/21/2023,2/14/2023,dmithambn,nbenyonbn
421,323,851,4,6/18/2023,4/7/2023,lthomlinsonbo,wguebo
422,349,473,1,12/5/2023,9/13/2023,mrulebp,scheekebp
423,184,726,4,2/26/2023,3/6/2023,zcorstanbq,vwoofendellbq
424,378,8,2,11/9/2023,4/28/2023,jcobonbr,ctremblaybr
425,474,204,4,2/12/2023,10/6/2023,jskunebs,pferencebs
426,648,900,4,12/2/2023,10/28/2023,eeverwinbt,sbeadmanbt
427,117,505,1,6/30/2023,4/30/2023,mparisbu,wkubeckabu
428,665,932,4,10/2/2023,11/6/2023,rollerearnshawbv,zwoodbv
429,654,608,2,2/17/2023,10/18/2023,pkarimbw,glarnbw
430,180,220,4,6/12/2023,4/13/2023,rdelafontbx,rormerodbx
431,173,312,4,8/19/2023,12/24/2023,gbenediteby,aaltimasby
432,917,471,3,6/27/2023,10/28/2023,jbernaldobz,kbehnbz
433,807,13,1,2/18/2023,10/3/2023,ovalettc0,twolfarthc0
434,329,445,3,7/11/2023,1/21/2024,mmaragesc1,mvallenderc1
435,590,893,2,5/4/2023,5/15/2023,slinwoodc2,pipsleyc2
436,917,389,3,10/14/2023,3/17/2023,lmendozac3,wloodyc3
437,657,865,4,10/11/2023,11/27/2023,labethellc4,rmacandrewc4
438,449,428,3,1/17/2024,11/26/2023,tgrimolbiec5,kpudgec5
439,818,597,1,6/9/2023,5/6/2023,npotteridgec6,jcordallc6
440,631,435,2,12/2/2023,10/17/2023,wcavnorc7,cpibsworthc7
441,390,93,2,2/4/2024,1/31/2024,ltirreyc8,ndowsec8
442,843,260,1,1/16/2024,12/17/2023,jvanhaultc9,bdeportc9
443,80,743,4,2/6/2023,12/25/2023,kscriptureca,jdoneganca
444,697,980,3,12/20/2023,10/1/2023,tclaydoncb,crobottomcb
445,181,777,4,4/29/2023,9/13/2023,nbaltzarcc,mgaukrodgecc
446,947,838,4,10/6/2023,1/18/2024,cborercd,bgabbitiscd
447,790,24,1,11/29/2023,9/20/2023,acolvinece,pbendance
448,617,787,3,11/9/2023,12/18/2023,bsheasbycf,aowthwaitecf
449,287,625,1,1/29/2024,1/1/2024,ehovendencg,rthompkinscg
450,180,598,2,6/22/2023,11/12/2023,nlocketch,smatessianch
451,919,403,3,8/12/2023,8/9/2023,bpetrici,mlawlingci
452,439,940,4,4/3/2023,1/21/2024,dcawleycj,hzappelcj
453,877,35,1,4/22/2023,1/18/2024,scharleyck,dcammishck
454,128,312,4,11/17/2023,10/28/2023,cackermanncl,vthorpecl
455,266,20,4,7/16/2023,2/28/2023,salpincm,echristoforoucm
456,382,804,1,7/7/2023,12/3/2023,ewhitwoodcn,zsmittoncn
457,645,815,4,8/30/2023,2/20/2023,aizacco,kwheowallco
458,562,654,3,2/10/2023,9/24/2023,sdickiecp,joxenfordcp
459,902,82,4,5/13/2023,9/2/2023,adudmancq,jwhitewaycq
460,964,73,4,8/1/2023,1/13/2024,kryecr,cpepperellcr
461,619,942,2,2/14/2023,7/6/2023,kcrotherscs,cfallooncs
462,453,376,2,1/11/2024,9/19/2023,hvialsct,vtrittamct
463,838,721,3,10/23/2023,12/16/2023,dbergecu,kolliecu
464,716,345,3,8/21/2023,2/25/2023,bvanderweedenburgcv,kfarnoncv
465,11,741,3,2/6/2023,9/12/2023,gshowencw,ijagglicw
466,582,449,1,3/24/2023,2/20/2023,glapthornecx,sgatecliffcx
467,642,888,1,5/19/2023,11/1/2023,mlewenscy,fcasswellcy
468,395,220,1,11/2/2023,11/10/2023,tlapleycz,wkochercz
469,373,925,2,10/20/2023,7/15/2023,lmarshfieldd0,ababalolad0
470,65,757,4,5/1/2023,5/24/2023,evearsd1,hlunamd1
471,124,86,1,2/24/2023,8/7/2023,gkennsleyd2,ebastiand2
472,870,474,2,3/9/2023,3/4/2023,tstampd3,bcashelld3
473,431,319,2,2/14/2023,8/23/2023,pulsterd4,ttrimmingd4
474,84,981,4,12/10/2023,12/16/2023,yfendd5,dashmentd5
475,956,384,3,7/11/2023,9/29/2023,kromainesd6,sdaudrayd6
476,512,602,3,9/8/2023,5/13/2023,qwixeyd7,jcordierd7
477,370,350,2,3/20/2023,8/20/2023,jrobloud8,cmurtelld8
478,266,890,4,3/7/2023,8/1/2023,nfrackiewiczd9,cschuhd9
479,445,28,1,4/7/2023,9/22/2023,acollcuttda,cbrahmsda
480,627,902,4,9/9/2023,12/25/2023,vdaneletdb,mdufraydb
481,897,96,2,4/4/2023,8/19/2023,mmallalldc,inelligandc
482,164,345,1,11/27/2023,3/12/2023,schidleydd,fdurrettdd
483,764,641,2,7/17/2023,11/24/2023,rclineckde,clynnettde
484,535,555,4,5/11/2023,2/25/2023,jwollarddf,dmoynhamdf
485,593,883,1,12/21/2023,5/7/2023,ccawthrondg,kbachelordg
486,730,679,1,9/18/2023,8/11/2023,wcowndendh,edrillingcourtdh
487,839,614,3,10/6/2023,4/24/2023,ywacklydi,nisackedi
488,650,274,4,12/7/2023,12/27/2023,mhelliwelldj,eplenderleithdj
489,349,1,2,10/20/2023,7/8/2023,dnicollsdk,vsprowledk
490,291,355,2,5/15/2023,10/20/2023,karnelydl,srobezdl
491,348,939,1,9/7/2023,9/13/2023,ajentindm,apavlenkovdm
492,580,496,3,1/29/2024,9/1/2023,lmetheringhamdn,phardawaydn
493,480,370,2,5/24/2023,8/20/2023,phayhurstdo,fhurndalldo
494,268,429,4,4/25/2023,6/11/2023,mbrownilldp,csmeesdp
495,282,438,4,1/19/2024,6/29/2023,vduckerdq,acutridgedq
496,150,994,3,10/3/2023,5/21/2023,aewebankdr,gessamedr
497,619,619,2,10/8/2023,1/10/2024,ldomelowds,esisleyds
498,571,548,3,10/27/2023,10/11/2023,wmcettrickdt,spideondt
499,598,242,1,8/4/2023,5/7/2023,mkewdu,wpeoplesdu
500,629,451,1,4/13/2023,4/7/2023,krobbiedv,ejuppedv
501,905,908,3,4/2/2023,10/12/2023,vondrakdw,pcockmandw
502,281,517,4,5/16/2023,10/11/2023,bferraracciodx,ldiverdx
503,592,799,1,2/18/2023,9/23/2023,mbowleydy,cgrosierdy
504,745,215,4,2/6/2023,6/9/2023,cinchcombdz,ggrishanovdz
505,748,305,3,6/16/2023,5/7/2023,czellande0,gludgrovee0
506,950,977,3,5/9/2023,2/20/2023,blevingee1,lceresae1
507,347,67,4,9/21/2023,7/26/2023,cgartshoree2,hsonee2
508,406,28,1,8/14/2023,5/26/2023,jmeadleye3,htapsone3
509,982,302,4,12/8/2023,6/14/2023,mceilliere4,jhiddye4
510,913,389,1,11/8/2023,2/19/2023,khueye5,nmallione5
511,702,755,3,6/4/2023,4/10/2023,llindegarde6,tadkine6
512,24,439,3,3/19/2023,3/21/2023,kkinningleye7,gdragone7
513,563,913,3,1/16/2024,9/8/2023,jsambere8,rreaveye8
514,530,450,1,4/28/2023,5/31/2023,dfauldere9,kstreathere9
515,293,601,3,11/20/2023,2/12/2023,gdobrowolskiea,ntempestea
516,764,478,2,2/1/2024,11/20/2023,chambribeeb,tmattevieb
517,646,871,2,11/17/2023,8/11/2023,rsantoreec,yplasterec
518,253,484,3,2/11/2023,6/8/2023,bweavinged,kbroganed
519,320,993,4,10/26/2023,6/28/2023,passandriee,jbraidleyee
520,146,566,2,10/4/2023,4/23/2023,rbassettef,lbolingbrokeef
521,224,731,4,3/7/2023,6/3/2023,vgeharkeeg,tmccluneyeg
522,19,896,1,8/25/2023,12/7/2023,vfranzonettieh,amacmoyereh
523,818,835,3,5/28/2023,11/20/2023,jcowthartei,acrutcherei
524,692,469,1,11/23/2023,5/12/2023,omeneerej,mganterej
525,605,343,2,3/27/2023,3/17/2023,ajamsonek,bsangraek
526,364,260,4,5/10/2023,5/19/2023,oruminel,amusicoel
527,427,756,4,3/9/2023,7/3/2023,khoulaghanem,zgarnulem
528,377,723,2,4/24/2023,12/29/2023,pmougeten,mdoodyen
529,650,702,4,1/21/2024,10/31/2023,acathraeeo,abrowneo
530,112,562,1,5/15/2023,9/1/2023,estannasep,ceshelbyep
531,408,916,3,8/5/2023,8/12/2023,bjiggleeq,cmcgeevereq
532,910,722,3,5/11/2023,6/21/2023,rhintzeer,lubsdaller
533,132,635,1,1/4/2024,12/10/2023,klibbiees,civees
534,36,195,2,10/14/2023,7/12/2023,ckirkhouseet,dhowsegoet
535,947,704,3,5/14/2023,6/20/2023,hstazikereu,sfeehaneu
536,417,372,2,6/19/2023,3/6/2023,lwimbushev,mellimanev
537,278,264,4,3/21/2023,4/17/2023,arubenfeldew,dlyleew
538,552,819,2,2/23/2023,12/6/2023,dstanwayex,nmacrannellex
539,7,268,3,6/20/2023,5/27/2023,nmoodeyey,mmanjiney
540,450,759,4,4/29/2023,7/8/2023,atomickiez,vpallasez
541,846,48,1,7/2/2023,5/5/2023,rminellif0,swolfendenf0
542,934,804,2,6/9/2023,2/6/2023,ktewesf1,sbewlief1
543,855,4,3,4/4/2023,9/18/2023,lmustoef2,cdurmanf2
544,630,180,4,7/8/2023,10/12/2023,eanglinf3,halisonf3
545,474,551,4,3/1/2023,9/7/2023,ibowgenf4,egillmoref4
546,75,565,3,2/11/2023,10/5/2023,bstopforthf5,pfrancesconef5
547,829,526,2,6/21/2023,12/15/2023,nforsardf6,ltorpief6
548,434,997,1,12/9/2023,6/7/2023,ggrishakinf7,dwitcombf7
549,142,263,2,9/4/2023,12/17/2023,sbosmaf8,kmcgrillf8
550,924,657,4,4/30/2023,2/22/2023,emckinief9,dvergof9
551,165,651,2,2/5/2023,5/18/2023,atomowiczfa,mwarriorfa
552,208,762,4,8/14/2023,8/21/2023,nivannikovfb,bkivellfb
553,709,493,2,5/9/2023,11/3/2023,tdootsonfc,lkennanfc
554,831,147,2,2/4/2024,8/24/2023,pclelandfd,cpfafffd
555,686,404,4,8/10/2023,7/14/2023,igittensfe,jmackillfe
556,185,433,2,8/30/2023,11/19/2023,afulliloveff,cpoulgreenff
557,715,490,4,1/20/2024,8/17/2023,apeschkefg,ccastellettifg
558,109,918,1,1/12/2024,7/2/2023,ggilbanefh,cgouthfh
559,315,136,2,12/4/2023,6/10/2023,blebanfi,raberdeenfi
560,656,760,4,1/4/2024,9/19/2023,ldussyfj,bmellanbyfj
561,234,234,3,3/4/2023,2/21/2023,fpreslandfk,eandriuzzifk
562,106,677,3,10/19/2023,6/8/2023,cmerseyfl,imcmasterfl
563,307,50,2,11/18/2023,9/15/2023,mbasterfieldfm,bwhittetfm
564,769,673,3,12/1/2023,8/30/2023,mbrellinfn,btrillofn
565,66,630,1,5/21/2023,10/21/2023,dbelinfo,fdowfo
566,980,685,3,12/22/2023,4/19/2023,coakhillfp,ahowlingfp
567,952,235,3,6/20/2023,12/23/2023,bdeverellfq,kroddafq
568,528,412,1,9/7/2023,5/24/2023,aheisfr,vhalversenfr
569,878,756,4,11/3/2023,8/17/2023,lbursnallfs,ybeechenofs
570,846,87,3,12/25/2023,3/19/2023,jcullonft,ljenneyft
571,913,64,1,4/17/2023,3/10/2023,msquirrellfu,sholliarfu
572,392,439,4,12/23/2023,1/30/2024,sgalerofv,aburtonfv
573,676,567,3,8/6/2023,2/16/2023,dkrollfw,geckartfw
574,838,930,2,8/1/2023,1/9/2024,jplacidefx,nwhissellfx
575,969,345,3,10/1/2023,12/26/2023,jtourotfy,mpetricfy
576,706,33,2,5/4/2023,2/24/2023,mreadfz,gdunkerlyfz
577,805,997,3,7/14/2023,8/16/2023,aflanaghang0,efiddlerg0
578,625,273,2,8/27/2023,9/23/2023,dbeineg1,kdelafoyg1
579,863,54,3,10/12/2023,9/25/2023,aberthomeg2,vbenoig2
580,905,964,4,10/6/2023,1/25/2024,broustg3,bryeg3
581,737,709,1,9/29/2023,11/9/2023,kyardg4,dpretiousg4
582,280,159,1,9/29/2023,9/4/2023,trulerg5,emitchensong5
583,440,571,1,6/22/2023,6/7/2023,cgarroldg6,vwoollheadg6
584,446,451,1,1/26/2024,12/29/2023,cbrambleg7,rtramelg7
585,785,163,4,8/2/2023,9/3/2023,dtredwellg8,dcarberryg8
586,593,588,1,5/26/2023,8/8/2023,bjealg9,lcurtayneg9
587,854,322,4,5/6/2023,7/28/2023,cdunridgega,wkiwitzga
588,349,196,2,9/1/2023,1/14/2024,sbreckingb,dgregoligb
589,541,447,2,11/28/2023,8/5/2023,jkyteleygc,eberndtssengc
590,944,290,1,12/19/2023,9/23/2023,csabatergd,afernaogd
591,943,248,3,9/23/2023,6/23/2023,asupplege,ibernardeschige
592,118,846,2,9/29/2023,5/25/2023,frothschildgf,omcareaveygf
593,72,57,4,3/8/2023,6/11/2023,sgaliagg,rkildaygg
594,361,781,2,6/11/2023,1/3/2024,sabrahartgh,nblenchgh
595,542,655,2,1/29/2024,9/7/2023,ahaywoodgi,nashingtongi
596,219,952,3,5/13/2023,1/16/2024,myankeevgj,kcarstairsgj
597,646,583,2,12/3/2023,9/24/2023,stebaldgk,sgalifordgk
598,451,361,4,3/23/2023,7/23/2023,akrienkegl,kantonikovgl
599,740,598,2,12/25/2023,7/10/2023,rkaspergm,rkaliszgm
600,111,988,4,1/16/2024,10/2/2023,ledgeleygn,chuckgn
601,568,365,4,12/19/2023,4/27/2023,ttiesmango,voflannerygo
602,381,523,2,6/28/2023,2/19/2023,mquinanegp,tsavinegp
603,136,833,2,4/11/2023,10/28/2023,nouldredgq,sbecklesgq
604,909,826,3,6/24/2023,3/26/2023,kcuseickgr,cdraaismagr
605,577,831,3,2/20/2023,7/9/2023,amillionsgs,cyakubovicsgs
606,761,902,1,2/14/2023,8/25/2023,sbrammargt,jgypsongt
607,713,937,1,7/27/2023,11/13/2023,tpickeringu,mflippinigu
608,872,885,1,2/4/2024,2/7/2023,lcleetongv,yhammerichgv
609,343,295,1,8/16/2023,10/10/2023,sghiogw,adarbeygw
610,998,471,3,12/7/2023,5/22/2023,dmushrowgx,bbrettlegx
611,446,943,1,12/14/2023,12/29/2023,gpidgeleygy,gjorckgy
612,11,645,4,9/10/2023,5/6/2023,cwoofgz,kquestedgz
613,78,429,2,1/8/2024,11/12/2023,cpawlynh0,ewhelanh0
614,600,858,1,8/28/2023,8/14/2023,hbroschkeh1,mhairyesh1
615,51,997,4,12/19/2023,7/27/2023,rfraschinih2,jstainsbyh2
616,946,225,1,3/14/2023,12/9/2023,rwhybrayh3,hplayhillh3
617,687,422,2,7/22/2023,8/26/2023,dpursegloveh4,asnoddonh4
618,453,670,4,4/19/2023,12/15/2023,lledgleyh5,sallicockh5
619,80,106,1,2/7/2023,9/28/2023,fcumberh6,ckeniwellh6
620,962,326,1,8/31/2023,12/1/2023,clitterickh7,ctreadwellh7
621,874,255,2,7/11/2023,8/12/2023,hstroodh8,vderyebarretth8
622,469,899,1,1/14/2024,5/30/2023,nboch9,cpinchingh9
623,737,747,4,5/25/2023,1/22/2024,kcottomha,jmanisha
624,931,828,4,7/21/2023,7/17/2023,bstatenhb,sbedboroughhb
625,94,96,4,12/11/2023,12/27/2023,gbattramhc,fwonhamhc
626,424,763,4,4/12/2023,1/28/2024,cdedhamhd,lhuglinhd
627,165,621,2,12/20/2023,2/15/2023,tminghellahe,amckimmeyhe
628,928,49,1,11/4/2023,5/8/2023,jrivardhf,cantwishf
629,14,841,2,12/29/2023,7/11/2023,jdecourcyhg,japfelhg
630,496,254,1,12/7/2023,4/26/2023,lzavittierihh,iruslinhh
631,404,190,3,6/22/2023,8/16/2023,astairshi,hpearlehi
632,711,360,4,11/20/2023,10/21/2023,vmoanhj,mrountreehj
633,963,627,2,7/12/2023,10/10/2023,mkeslakehk,tcaronhk
634,517,663,1,2/22/2023,7/31/2023,rquadriohl,swillgoosehl
635,998,510,3,1/25/2024,11/24/2023,kreardenhm,lmarcomehm
636,630,327,3,9/3/2023,9/11/2023,gsycehn,pbrockelsbyhn
637,366,868,2,9/13/2023,12/10/2023,rgeldeardho,cantonoyevho
638,600,709,2,11/29/2023,11/16/2023,gdeversonhp,gkleingrubhp
639,456,141,2,1/12/2024,2/10/2023,ibealinghq,hjentethq
640,617,192,2,2/7/2023,10/7/2023,jedinburghhr,lfranzettihr
641,116,632,2,2/18/2023,11/29/2023,mhurlehs,mbodleyhs
642,405,504,3,8/14/2023,8/27/2023,mropkinsht,cpettiferht
643,30,471,4,8/20/2023,7/19/2023,fcrowdacehu,bstlouishu
644,80,378,4,10/17/2023,8/11/2023,wlangdridgehv,jnetherclifthv
645,551,958,3,3/28/2023,1/14/2024,babyshw,dgreserhw
646,486,113,4,8/16/2023,5/12/2023,nscoyleshx,alampkehx
647,879,643,4,2/7/2023,4/23/2023,hslowgrovehy,ccutcliffehy
648,129,609,1,1/13/2024,11/8/2023,ematevosianhz,cpauntonhz
649,192,814,2,4/14/2023,1/3/2024,mfisti0,gsimcocki0
650,75,292,4,9/10/2023,10/18/2023,ahuychei1,icicconei1
651,660,893,4,7/30/2023,6/8/2023,gbrewoodi2,rhazeli2
652,199,604,2,10/4/2023,6/19/2023,nbyrdi3,zduckeri3
653,558,765,3,6/3/2023,11/2/2023,yflecknessi4,mkarlolaki4
654,635,151,1,2/8/2023,6/12/2023,rbrabani5,lmoehlei5
655,94,788,1,8/25/2023,4/4/2023,smacgrathi6,cmccarlyi6
656,241,980,4,11/27/2023,5/17/2023,dblackhursti7,mnavaroi7
657,769,7,3,2/2/2024,2/24/2023,kgariei8,fwozencrofti8
658,505,265,3,7/18/2023,12/28/2023,petheredgei9,vcolbourni9
659,951,101,1,9/9/2023,1/14/2024,salflattia,bsmaileia
660,50,472,3,12/8/2023,12/5/2023,mpedroliib,fharrimanib
661,968,45,3,3/19/2023,10/27/2023,ytivolieric,amaydwellic
662,571,856,1,12/18/2023,7/13/2023,btrouncerid,aissakovid
663,252,346,3,3/8/2023,10/31/2023,smidgelyie,tgealie
664,836,585,4,8/19/2023,2/4/2024,jbuckerfieldif,rledfordif
665,913,999,4,10/12/2023,5/16/2023,blynaghig,lbiffenig
666,408,234,1,1/3/2024,5/1/2023,cgutmanih,mvaudinih
667,668,594,2,3/5/2023,10/1/2023,nkirkhamii,mstranieroii
668,131,908,1,1/13/2024,2/19/2023,pdemougeotij,btimbsij
669,580,706,2,5/18/2023,9/6/2023,livicik,hhaselwoodik
670,480,374,1,8/11/2023,4/1/2023,pcawteil,lsolesburyil
671,401,642,3,1/20/2024,3/29/2023,dfearneleyim,ccaslinim
672,595,909,1,3/29/2023,7/6/2023,rcragheadin,lvaldesin
673,242,160,4,12/15/2023,10/25/2023,vbarbaryio,smcrobbieio
674,634,846,4,7/24/2023,2/24/2023,jsilbersakip,hweskerip
675,851,691,2,4/11/2023,3/22/2023,vhaggusiq,aborehamiq
676,120,906,4,11/7/2023,9/21/2023,cmccorkindaleir,pcakebreadir
677,977,271,4,1/27/2024,3/25/2023,cvincentis,mflewis
678,69,324,3,1/31/2024,4/18/2023,lcalabryit,ldillingstonit
679,2,532,1,6/13/2023,5/13/2023,ntertreiu,eshandiu
680,610,241,2,3/11/2023,5/1/2023,zofairyiv,lfleemaniv
681,326,398,4,7/26/2023,1/2/2024,ytreleaseiw,glachaizeiw
682,52,644,2,11/6/2023,3/19/2023,lrivelix,bkirkamix
683,399,285,3,5/7/2023,11/5/2023,mgambelliy,afawdrieiy
684,619,704,4,6/30/2023,10/3/2023,rsummerbelliz,pcrightoniz
685,851,559,2,7/14/2023,5/10/2023,cgauvainj0,rstellinoj0
686,395,812,2,10/9/2023,11/23/2023,ajephsonj1,stwinbrowj1
687,633,893,2,4/12/2023,12/2/2023,kstoffelsj2,mpetrakj2
688,105,105,4,7/27/2023,2/3/2024,dledgisterj3,tlovelessj3
689,413,398,2,10/4/2023,4/24/2023,seulerj4,arotherj4
690,929,882,1,1/1/2024,1/6/2024,dhawkj5,tdenmanj5
691,603,391,2,3/31/2023,2/19/2023,lwestnedgej6,snewgroshj6
692,497,737,4,5/30/2023,10/10/2023,ysimmondsj7,cdedhamj7
693,16,719,4,5/9/2023,8/28/2023,mvickermanj8,bgraithj8
694,995,730,1,5/14/2023,6/11/2023,bcorkelj9,hhigginbottamj9
695,329,761,2,6/5/2023,3/16/2023,fodoja,fannetsja
696,802,980,3,11/16/2023,6/29/2023,kpietrowiczjb,eashingdenjb
697,512,36,4,10/29/2023,8/15/2023,ucartmalejc,canfreyjc
698,539,406,1,2/20/2023,4/16/2023,jgeldeardjd,tramsdelljd
699,50,629,4,4/6/2023,10/3/2023,craviliousje,ncalleyje
700,382,764,1,6/21/2023,2/25/2023,dstanselljf,smirrleesjf
701,900,324,3,2/12/2023,8/31/2023,ebaudassojg,nmordinjg
702,948,979,2,7/9/2023,10/25/2023,mvelldenjh,wlowlessjh
703,435,2,4,9/14/2023,11/30/2023,wbeddowsji,lmckeeji
704,87,520,1,8/18/2023,9/20/2023,jgovinlockjj,aragatejj
705,767,504,4,6/29/2023,8/20/2023,cbeabyjk,jnapolionejk
706,208,506,4,10/12/2023,6/21/2023,aespineljl,dsebleyjl
707,101,699,4,4/10/2023,4/2/2023,gmardolljm,slampeljm
708,78,610,2,3/27/2023,9/17/2023,kcrowsonjn,jhuncootjn
709,386,181,2,3/17/2023,1/23/2024,hholttomjo,jdundredgejo
710,238,624,2,9/2/2023,12/11/2023,cbrownjohnjp,hdowdamjp
711,776,291,1,2/11/2023,10/17/2023,nocorhanejq,gdimicjq
712,292,435,2,5/14/2023,3/18/2023,vwibrowjr,dleattjr
713,289,286,3,12/20/2023,3/22/2023,athynnjs,mclarkejs
714,817,400,2,7/3/2023,5/30/2023,dtinnerjt,gcastrillojt
715,246,697,3,12/21/2023,7/5/2023,pcroizierju,kolageneju
716,884,858,3,5/10/2023,7/28/2023,ovasiliujv,vmittenjv
717,144,232,2,2/27/2023,9/14/2023,kdibbenjw,llarrattjw
718,936,862,4,10/6/2023,3/14/2023,mfrohockjx,jolenchenkojx
719,247,543,1,10/3/2023,5/29/2023,gmowlamjy,scrasterjy
720,8,797,2,1/23/2024,8/24/2023,aboatmanjz,mbertwistlejz
721,740,932,2,6/22/2023,10/31/2023,baistropk0,itapperk0
722,279,18,1,5/26/2023,3/17/2023,wcommanderk1,afretterk1
723,240,592,4,6/10/2023,8/29/2023,schazottek2,agrabehamk2
724,705,777,1,8/20/2023,1/14/2024,tmccumeskyk3,gsignek3
725,482,427,4,9/26/2023,8/5/2023,bjerrandk4,dzappelk4
726,974,4,1,11/5/2023,6/3/2023,doransk5,pkewishk5
727,422,202,3,2/4/2024,2/25/2023,ipouckk6,bbricek6
728,730,866,2,10/1/2023,7/9/2023,rohannigank7,nmessiterk7
729,275,219,2,9/5/2023,11/14/2023,fchristophersk8,vhenrionotk8
730,277,353,1,8/15/2023,8/17/2023,bbernonk9,ggaskingk9
731,930,738,3,12/8/2023,4/9/2023,gsigmundka,cmitroka
732,991,111,2,2/8/2023,4/1/2023,acicettikb,rlawdaykb
733,774,885,1,3/16/2023,1/1/2024,gnealeykc,tsmartmankc
734,372,48,1,2/3/2024,4/19/2023,kferriereskd,msimeolikd
735,110,13,2,8/20/2023,3/12/2023,mbasnettke,kcronkke
736,254,810,3,9/25/2023,6/29/2023,amckainkf,sjaulmekf
737,524,836,3,7/15/2023,1/5/2024,abaxandallkg,srandkg
738,54,72,2,4/3/2023,9/14/2023,bridesdalekh,tcolegatekh
739,403,635,1,9/1/2023,3/18/2023,rgrafhomki,kofarrellki
740,597,609,2,8/15/2023,6/1/2023,vbingkj,mbowfinkj
741,309,99,2,4/27/2023,7/26/2023,ecochekk,ckibbeekk
742,174,729,3,7/29/2023,2/1/2024,qcastelkl,gnorvellkl
743,640,623,2,7/1/2023,8/7/2023,omacgorriekm,vdivverkm
744,596,958,2,10/26/2023,3/1/2023,ddurramkn,vecclesallkn
745,251,627,3,1/26/2024,9/23/2023,begintonko,egeorgelko
746,443,448,4,2/12/2023,11/16/2023,pmessierkp,ewhalekp
747,891,361,1,4/20/2023,10/22/2023,dhookskq,hshropshirekq
748,931,925,1,9/2/2023,3/8/2023,amainekr,akarczinskikr
749,52,250,4,5/25/2023,3/15/2023,ccritchleyks,mskilbeckks
750,664,597,3,12/14/2023,12/16/2023,vpuzeykt,hkinneykt
751,799,377,4,11/8/2023,8/24/2023,hchaffinku,kbrozekku
752,814,929,2,3/18/2023,12/6/2023,rriedigerkv,kitscowiczkv
753,992,60,3,10/30/2023,7/18/2023,lkilmurrykw,jattewkw
754,468,734,3,5/23/2023,9/22/2023,tdiroccakx,gfennelowkx
755,658,433,4,7/18/2023,4/22/2023,mwynnky,deverardky
756,563,387,3,11/6/2023,3/3/2023,lrauprichkz,sdenerkz
757,687,360,1,12/21/2023,5/5/2023,tfetterplacel0,tcolquhounl0
758,252,273,4,10/23/2023,9/29/2023,hmcdualll1,nshelbournel1
759,246,895,2,3/22/2023,1/3/2024,awaitonl2,pcoviellol2
760,828,534,3,11/9/2023,2/17/2023,ipettendrichl3,bpourvoieurl3
761,72,795,2,6/6/2023,7/18/2023,dmaginotl4,hswalteridgel4
762,836,221,4,10/8/2023,3/9/2023,zgodthaabl5,daindraisl5
763,529,342,2,12/11/2023,2/11/2023,ependdrethl6,jflippenl6
764,536,911,1,5/11/2023,1/14/2024,wbeatenl7,mkinneyl7
765,697,446,3,9/19/2023,11/5/2023,ubakhrushkinl8,hcardoel8
766,209,799,2,2/2/2024,6/20/2023,mbrittonl9,dblackmuirl9
767,447,91,3,3/21/2023,8/5/2023,ymckerronla,asidaryla
768,705,107,3,5/10/2023,4/29/2023,kpopelaylb,gyokleylb
769,51,743,4,4/15/2023,11/22/2023,ciskowiczlc,kmarcumlc
770,953,207,1,11/6/2023,11/1/2023,bcollishawld,lprattenld
771,801,870,1,10/5/2023,7/30/2023,mheadinghamle,lfurzele
772,378,559,4,5/15/2023,5/2/2023,imaclainelf,idarvillelf
773,400,732,1,8/23/2023,8/6/2023,sstraniolg,mconibeerlg
774,181,608,1,11/6/2023,9/16/2023,mmacmarcuislh,mfreegardlh
775,411,261,2,9/18/2023,5/6/2023,bfradsonli,ayoudeli
776,420,210,1,7/29/2023,10/26/2023,mlindllj,rperkinslj
777,580,126,2,4/18/2023,2/9/2023,nchilcottlk,ribbettlk
778,669,543,4,10/26/2023,1/25/2024,kthamell,djolyll
779,748,196,2,2/22/2023,3/9/2023,mthridgouldlm,vwerritlm
780,201,714,2,8/7/2023,8/9/2023,crenfieldln,cdavisln
781,891,840,2,1/10/2024,11/16/2023,lcloutelo,abruggenlo
782,252,462,3,5/21/2023,7/13/2023,dlamckenlp,vwakefieldlp
783,280,830,3,9/27/2023,3/17/2023,ewainerlq,ksicilylq
784,866,657,1,11/9/2023,3/18/2023,mthorowgoodlr,pbirtlelr
785,36,816,2,2/11/2023,12/9/2023,jcessfordls,ajanczewskils
786,392,993,1,3/27/2023,3/26/2023,iredolfilt,ocossemlt
787,110,608,4,9/27/2023,8/21/2023,rpardoelu,fgradleylu
788,932,278,1,8/2/2023,6/26/2023,vabraminlv,akornilyevlv
789,145,856,1,5/15/2023,9/19/2023,gmcillricklw,rlemarielw
790,970,83,3,4/29/2023,1/3/2024,sowthwaitelx,hdaintrylx
791,209,389,4,4/28/2023,7/29/2023,eswitlandly,adewittly
792,913,890,4,2/27/2023,7/1/2023,stidylz,fjizhakilz
793,786,444,1,11/24/2023,1/17/2024,cpregelm0,awearm0
794,152,401,3,2/13/2023,7/26/2023,nstrowlgerm1,alinfieldm1
795,204,314,3,12/20/2023,6/22/2023,bbullivantm2,icapinettim2
796,94,317,1,12/12/2023,11/24/2023,ohundalm3,tsurgoodm3
797,276,2,4,4/27/2023,7/11/2023,bhubboldm4,tpietsmam4
798,433,752,3,6/28/2023,1/21/2024,gpeyntuem5,dticknerm5
799,482,15,1,10/11/2023,11/25/2023,sspelsburym6,cdematteim6
800,554,37,2,9/16/2023,4/9/2023,vbottlestonem7,mcombenm7
801,409,662,3,1/4/2024,9/20/2023,dpehrssonm8,dchickenm8
802,751,259,4,11/4/2023,11/9/2023,lhabertm9,bstothartm9
803,162,619,1,1/28/2024,4/5/2023,jtooherma,areadwingma
804,296,386,4,9/25/2023,1/20/2024,xweskermb,smiddlermb
805,144,994,3,2/18/2023,8/9/2023,haddamsmc,wfleotemc
806,55,727,2,2/15/2023,9/21/2023,leskriettmd,egarthshoremd
807,270,374,1,5/31/2023,4/29/2023,mcolbornme,kzecchettime
808,447,705,3,8/9/2023,7/14/2023,hkrishtopaittismf,fosmintmf
809,391,578,1,11/9/2023,10/22/2023,jrathemg,rsutherleymg
810,282,752,2,10/25/2023,8/20/2023,rlegravemh,ndytermh
811,429,622,2,10/7/2023,2/28/2023,ddavionmi,aroughsedgemi
812,922,137,1,8/26/2023,3/15/2023,msturtonmj,ymattiatomj
813,308,792,2,4/22/2023,7/6/2023,dtofanomk,bmassinghammk
814,807,576,2,10/21/2023,7/31/2023,ncarlonml,eogreadyml
815,866,240,2,1/19/2024,11/15/2023,rmarrinermm,iclemenzamm
816,261,517,2,10/10/2023,1/31/2024,fstraingemn,rlamburnemn
817,148,765,1,11/15/2023,4/13/2023,rstilemanmo,lgoodyermo
818,56,401,2,2/22/2023,1/20/2024,pfeatherbiemp,adenisckemp
819,702,812,2,12/8/2023,7/6/2023,rloughmanmq,bmacdermottmq
820,927,590,2,6/14/2023,4/6/2023,ehutsonmr,rtwelftreemr
821,402,64,2,4/26/2023,2/4/2024,cpennycockms,aasplinms
822,455,845,2,8/29/2023,9/23/2023,aabrehartmt,awybronmt
823,826,844,4,4/17/2023,1/9/2024,garnallmu,fahearnemu
824,428,962,3,3/3/2023,11/9/2023,nfrangomv,bnunanmv
825,458,571,3,10/29/2023,1/14/2024,cgrebermw,rnijsmw
826,77,604,2,8/13/2023,4/13/2023,vboomemx,bkinnairdmx
827,321,786,1,5/1/2023,8/24/2023,ggriffithsmy,nkayleymy
828,276,236,1,5/22/2023,11/10/2023,ebedinhammz,cpancoastmz
829,568,147,3,6/10/2023,3/6/2023,shachen0,bfidginn0
830,300,467,1,8/22/2023,8/22/2023,amingayen1,eproudloven1
831,542,321,4,8/15/2023,7/17/2023,lpuddenn2,tmarusicn2
832,403,548,4,11/22/2023,1/15/2024,rkobschn3,hhalcron3
833,724,377,2,8/19/2023,11/7/2023,bharkusn4,egronavn4
834,592,130,1,2/4/2024,12/4/2023,breinmarn5,plegassickn5
835,803,19,2,12/20/2023,9/30/2023,nfeaksn6,cehlerdingn6
836,735,975,3,6/14/2023,8/8/2023,ngerholzn7,keddown7
837,544,477,2,3/18/2023,2/21/2023,mghostn8,mtuern8
838,331,989,1,12/4/2023,12/26/2023,dferrasn9,sbewn9
839,400,458,1,1/4/2024,5/12/2023,nreavellna,kcourtenayna
840,684,574,1,4/10/2023,1/29/2024,cregitznb,eargonttnb
841,724,513,4,12/23/2023,6/26/2023,egreedync,pamblernc
842,820,222,3,7/27/2023,7/30/2023,msodand,anibleynd
843,777,467,2,4/22/2023,1/3/2024,ddaverinne,mjoicene
844,226,168,4,10/28/2023,1/19/2024,twalcotnf,drothonnf
845,734,218,1,1/9/2024,7/27/2023,cfransesng,tkenwayng
846,117,667,2,9/26/2023,12/28/2023,hbrickwoodnh,rhaggusnh
847,348,902,1,6/16/2023,11/12/2023,btestni,bmathivonni
848,906,716,3,6/16/2023,4/15/2023,sdalglishnj,wpyvisnj
849,360,413,3,2/23/2023,12/6/2023,drodgersonnk,dhumburtonnk
850,972,604,1,9/2/2023,10/11/2023,bmcbeathnl,wbasnallnl
851,836,219,2,11/14/2023,5/25/2023,rlawrinsonnm,icofaxnm
852,213,647,3,1/22/2024,3/15/2023,hgonzalonn,wsotheronnn
853,172,698,4,6/22/2023,4/25/2023,mcapesno,asawdonno
854,359,433,4,7/7/2023,11/8/2023,sdeblenp,thoonahannp
855,305,84,2,11/29/2023,1/29/2024,adossitnq,hwalklingnq
856,251,811,1,10/10/2023,7/20/2023,ralvinnr,mfowlenr
857,192,88,3,11/21/2023,3/15/2023,tfontinns,gnoonanns
858,530,1,2,4/18/2023,10/2/2023,rrosellnt,jorsint
859,490,975,4,1/27/2024,9/8/2023,bparkesnu,zalfordenu
860,549,821,2,5/19/2023,2/18/2023,vmicconv,cfeaksnv
861,153,842,4,12/26/2023,1/12/2024,cbrattonnw,mcuskerynw
862,8,947,1,4/12/2023,4/28/2023,lelementnx,dlarkworthynx
863,767,328,3,1/31/2024,11/7/2023,adavittiny,dswashny
864,615,376,1,5/28/2023,5/15/2023,bandrichnz,mdurstonnz
865,424,108,2,4/20/2023,1/28/2024,dplewso0,nableo0
866,402,739,3,8/19/2023,4/6/2023,jmcrobbo1,mfolcarellio1
867,203,224,2,5/24/2023,11/29/2023,tkirtleyo2,oconeyo2
868,579,172,3,6/23/2023,4/24/2023,cbaughamo3,hebankso3
869,988,428,3,4/6/2023,8/14/2023,dneveo4,aheareo4
870,913,809,3,1/26/2024,3/2/2023,hsmouto5,eambrosonio5
871,883,908,3,10/19/2023,11/21/2023,rscareo6,lsymmerso6
872,24,412,3,6/27/2023,2/9/2023,obridgwoodo7,tdomelowo7
873,941,279,1,1/1/2024,12/24/2023,mmengoo8,rtackero8
874,423,111,3,5/30/2023,10/5/2023,jmilesopo9,rmapletofto9
875,125,160,3,2/2/2024,11/24/2023,dshankoa,qdeporteoa
876,184,584,3,3/2/2023,10/15/2023,rlytleob,hshemminob
877,468,511,3,10/22/2023,11/28/2023,bskidmoreoc,kmillwateroc
878,553,23,2,8/29/2023,3/28/2023,apymerod,icissenod
879,663,426,3,4/24/2023,9/26/2023,lsponderoe,rbrasoe
880,491,970,1,12/8/2023,11/27/2023,kgregoriof,wmahmoodof
881,393,451,3,4/28/2023,12/14/2023,krobeconog,dsneadog
882,911,448,2,6/3/2023,6/20/2023,aniessenoh,rstuchberyoh
883,269,78,4,8/13/2023,2/11/2023,cbuggsoi,hmahoodoi
884,838,167,2,8/14/2023,12/28/2023,whanafordoj,lbrunoneoj
885,382,642,4,4/2/2023,1/17/2024,elunaok,cgallyhaockok
886,399,786,2,4/5/2023,11/6/2023,pbelfittol,lbyrkmyrol
887,127,213,3,1/30/2024,2/8/2023,hpankethom,jdahlmanom
888,562,358,3,5/16/2023,2/4/2024,lgerhartzon,mfidockon
889,349,688,1,3/2/2023,9/29/2023,sbeesleyoo,cmenendesoo
890,633,540,2,6/19/2023,11/17/2023,spennoneop,jantonovop
891,272,630,1,5/7/2023,9/13/2023,hcarasoq,lfretwelloq
892,653,901,4,10/13/2023,7/5/2023,gsebrensor,fputtnamor
893,661,852,4,10/27/2023,9/23/2023,kgoodeos,smidlaros
894,30,919,1,2/24/2023,3/3/2023,pseakingsot,sdanforthot
895,711,392,1,8/18/2023,1/26/2024,lroadsou,kcostanou
896,218,811,2,7/24/2023,6/19/2023,cjellyov,piannuzzelliov
897,664,66,2,11/12/2023,7/11/2023,ahowardow,tpikhnoow
898,765,155,3,12/17/2023,10/17/2023,wmoylerox,rsurplissox
899,437,284,4,5/22/2023,4/3/2023,alackmannoy,aglenoy
900,298,976,2,4/1/2023,2/23/2023,bpottoz,kgroddenoz
901,310,348,3,1/7/2024,6/23/2023,wellinghamp0,bbillisonp0
902,769,33,2,6/7/2023,9/25/2023,kgotcherp1,ameneuxp1
903,598,602,4,9/25/2023,8/29/2023,tmellemp2,tbrethertonp2
904,342,922,3,8/18/2023,7/9/2023,hizonp3,asainzp3
905,44,102,4,3/30/2023,5/12/2023,smurdyp4,kcragoep4
906,250,148,2,11/18/2023,4/21/2023,lmoylerp5,fswainsburyp5
907,241,512,1,4/7/2023,2/5/2023,mcastanep6,nvedmorep6
908,174,768,3,2/13/2023,2/3/2024,dbeddinp7,jdownagep7
909,595,34,1,8/13/2023,11/13/2023,acotap8,mwarbrickp8
910,66,780,2,12/9/2023,7/5/2023,idewittp9,ktreatp9
911,189,374,1,7/26/2023,11/29/2023,fjeppensenpa,ggillebridepa
912,902,492,3,4/28/2023,6/22/2023,spimlockpb,aarnholdtpb
913,293,420,3,3/28/2023,9/19/2023,uliddicoatpc,hleatherpc
914,983,370,2,12/18/2023,9/10/2023,cwaterspd,kmcaveypd
915,747,320,1,1/9/2024,4/10/2023,yhawkinpe,greddingtonpe
916,775,632,1,12/15/2023,9/6/2023,jwolfordpf,mbulleynpf
917,872,741,3,4/14/2023,12/10/2023,dmeltonpg,hfridaypg
918,751,806,2,10/23/2023,12/15/2023,mgingelph,kcornelisseph
919,414,312,2,9/19/2023,10/23/2023,vshimmanpi,amcmenemypi
920,967,671,4,5/23/2023,1/6/2024,hgarrouldpj,dslimmepj
921,437,9,4,4/17/2023,10/7/2023,hmoquinpk,dsibsonpk
922,279,930,1,5/9/2023,5/13/2023,htoftspl,mmacavddypl
923,441,508,4,10/28/2023,2/8/2023,cgehrtspm,vstallibrasspm
924,600,802,2,7/22/2023,7/18/2023,mcausierpn,crodbournepn
925,702,454,4,12/9/2023,7/26/2023,kberthomierpo,rabsolompo
926,922,344,2,3/8/2023,7/26/2023,bmontepp,dyarepp
927,352,595,3,1/18/2024,2/12/2023,thammerbergpq,oavramovichpq
928,821,409,2,11/4/2023,8/7/2023,ereolfipr,kgoodbanpr
929,339,288,1,9/1/2023,6/7/2023,fhawkingsps,ffawthorpeps
930,574,823,4,4/29/2023,7/29/2023,abourdicept,jyewenpt
931,452,91,2,5/21/2023,9/9/2023,sgreenheadpu,jpelcheurpu
932,83,119,4,11/17/2023,4/29/2023,dfenemorepv,sohalleghanepv
933,680,903,4,4/16/2023,12/29/2023,apentycostpw,fprimopw
934,388,875,3,10/1/2023,3/6/2023,kadgerpx,ldignallpx
935,262,624,4,2/8/2023,1/6/2024,mwinstonepy,revreuxpy
936,348,555,2,11/19/2023,1/22/2024,cquiggpz,jporteouspz
937,978,751,2,4/6/2023,1/18/2024,friddellq0,ejemisonq0
938,402,575,4,3/5/2023,10/1/2023,mdobieq1,gcostonq1
939,749,909,4,12/23/2023,7/9/2023,nlambdenq2,alanfereq2
940,289,353,1,8/26/2023,2/11/2023,ssambellsq3,dmcallasterq3
941,711,769,3,8/28/2023,7/5/2023,jbarochq4,mclearieq4
942,282,63,2,4/2/2023,7/16/2023,gpickersgillq5,ravoq5
943,666,805,1,10/6/2023,3/17/2023,mbarochq6,lbissexq6
944,875,995,2,10/18/2023,5/28/2023,rfurlongq7,kfeyq7
945,317,520,1,8/21/2023,12/10/2023,dderocheq8,hguillouq8
946,89,164,3,2/12/2023,1/25/2024,lbusseq9,mkrolikq9
947,876,52,4,3/29/2023,3/21/2023,nslorachqa,gchampnissqa
948,184,782,3,10/5/2023,2/14/2023,msurfleetqb,edeinhardqb
949,753,921,4,9/3/2023,9/12/2023,ymullerqc,rgronoweqc
950,541,195,3,6/9/2023,9/22/2023,cbeddinghamqd,tmoreyqd
951,583,818,3,8/13/2023,9/15/2023,jlinckqe,pbushbyqe
952,546,964,4,12/7/2023,9/6/2023,cdeinhardtqf,cmaccallisterqf
953,791,484,3,10/6/2023,12/1/2023,lcorteneyqg,kmilliganqg
954,227,768,1,10/20/2023,1/16/2024,gruthvenqh,scoenraetsqh
955,822,105,2,1/9/2024,4/11/2023,fsigertqi,mmcvittieqi
956,554,854,4,2/8/2023,3/30/2023,gportchqj,gplampeynqj
957,33,541,3,10/20/2023,12/6/2023,dcarrolqk,klethbrigqk
958,814,923,3,5/24/2023,3/16/2023,welijahql,ggreirql
959,940,718,1,6/7/2023,3/1/2023,vwardaleqm,gmazinqm
960,120,625,3,11/6/2023,2/17/2023,bkennionqn,dtrowqn
961,491,581,4,12/10/2023,7/19/2023,syakebowitchqo,ghaskurqo
962,384,976,2,7/2/2023,6/13/2023,vbakeupqp,kmeliorqp
963,574,972,4,8/29/2023,10/15/2023,lcatleyqq,mpalmbyqq
964,893,137,3,12/24/2023,6/2/2023,hsturmeyqr,hmckibbinqr
965,72,907,4,10/22/2023,8/14/2023,vmcgonigleqs,psarllqs
966,706,215,3,12/26/2023,8/25/2023,tavisqt,twaycottqt
967,368,593,2,8/6/2023,4/29/2023,jfoskettqu,gscrimshirequ
968,899,802,1,9/1/2023,6/28/2023,gsetterfieldqv,owinckleqv
969,650,862,2,1/20/2024,4/6/2023,hfilyaevqw,igladtbachqw
970,720,964,4,5/2/2023,11/3/2023,lvirgoqx,zgealyqx
971,460,795,1,3/29/2023,9/15/2023,mbrocksqy,mbenbowqy
972,822,766,4,10/7/2023,10/1/2023,erogetqz,fkynsonqz
973,62,230,1,11/13/2023,11/17/2023,cdominecr0,johoganr0
974,218,292,4,1/17/2024,7/10/2023,hpesicr1,mdubarryr1
975,352,713,3,5/24/2023,6/7/2023,mtebbittr2,ceastabrookr2
976,810,268,4,10/3/2023,5/15/2023,tandriulisr3,ijiroutkar3
977,965,665,2,10/13/2023,9/1/2023,harmatidger4,jsawnwyr4
978,431,501,1,11/14/2023,11/4/2023,nlantuffer5,ldeasr5
979,478,244,2,3/2/2023,11/27/2023,jlutasr6,lellcomer6
980,234,512,1,2/12/2023,12/25/2023,jlyddonr7,lbonsonr7
981,301,639,4,3/16/2023,4/30/2023,kpettetr8,ttreacherr8
982,902,438,3,5/30/2023,2/1/2024,mburfordr9,glawerencer9
983,626,518,1,10/10/2023,10/25/2023,askillingtonra,tmatterdacera
984,35,848,1,1/25/2024,4/26/2023,dcanonrb,bmckernanrb
985,897,407,3,4/17/2023,9/20/2023,mbraznellrc,vdenisevichrc
986,744,419,3,7/3/2023,11/7/2023,rfritschmannrd,ninnwoodrd
987,516,737,1,6/25/2023,6/21/2023,bliasre,vblackleechre
988,908,753,2,8/22/2023,3/22/2023,gphlippsenrf,dmoncktonrf
989,114,462,1,8/27/2023,9/14/2023,mkaysorrg,rhouldenrg
990,685,709,2,10/5/2023,6/14/2023,aguarinrh,csabertonrh
991,756,691,4,7/1/2023,7/5/2023,bbaszniakri,castinri
992,140,694,3,7/11/2023,4/7/2023,agumbleyrj,dstonebridgerj
993,406,21,1,7/1/2023,10/14/2023,cdullinghamrk,pdouthwaiterk
994,747,155,4,8/12/2023,5/24/2023,mcarlonrl,blumbersrl
995,244,622,4,12/16/2023,12/26/2023,hmacrorm,kvolonterm
996,846,830,4,4/20/2023,3/18/2023,caasafrn,aleahairrn
997,556,670,3,8/24/2023,11/23/2023,mjuraszro,bvassarro
998,523,153,2,11/24/2023,7/19/2023,awellesleyrp,rpollenrp
999,870,424,1,9/19/2023,4/15/2023,llampaertrq,dkemmetrq
1000,138,941,2,12/27/2023,3/6/2023,acornboroughrr,mclelandrr
