id,product_id,url,created_at,updated_at,created_by,updated_by
1,562,http://dummyimage.com/221x100.png/5fa2dd/ffffff,7/28/2023,6/3/2023,calthorp0,ewillcock0
2,344,http://dummyimage.com/139x100.png/ff4444/ffffff,4/24/2023,8/22/2023,flefever1,tmiguel1
3,987,http://dummyimage.com/249x100.png/cc0000/ffffff,11/21/2023,12/1/2023,dtweedle2,jlawrinson2
4,816,http://dummyimage.com/249x100.png/dddddd/000000,1/3/2024,2/1/2024,mstennine3,msnoxall3
5,154,http://dummyimage.com/199x100.png/5fa2dd/ffffff,6/30/2023,7/14/2023,aisham4,vdamerell4
6,56,http://dummyimage.com/174x100.png/ff4444/ffffff,4/26/2023,8/7/2023,vfreiberg5,elenglet5
7,537,http://dummyimage.com/129x100.png/dddddd/000000,12/16/2023,3/27/2023,kbarette6,ihillock6
8,72,http://dummyimage.com/183x100.png/ff4444/ffffff,12/17/2023,3/11/2023,groddick7,wearland7
9,338,http://dummyimage.com/202x100.png/5fa2dd/ffffff,11/2/2023,4/18/2023,dettery8,evlasenko8
10,545,http://dummyimage.com/143x100.png/dddddd/000000,4/19/2023,6/4/2023,psimnor9,mpinson9
11,613,http://dummyimage.com/107x100.png/ff4444/ffffff,11/10/2023,6/1/2023,adrinana,cmcarthura
12,412,http://dummyimage.com/213x100.png/dddddd/000000,10/24/2023,1/8/2024,skeerib,jcasarinob
13,802,http://dummyimage.com/104x100.png/ff4444/ffffff,9/1/2023,3/23/2023,tprimaroloc,ctantec
14,729,http://dummyimage.com/141x100.png/ff4444/ffffff,3/3/2023,9/15/2023,hferreresd,dclackd
15,531,http://dummyimage.com/149x100.png/5fa2dd/ffffff,11/27/2023,5/4/2023,vferoe,grosenblade
16,870,http://dummyimage.com/233x100.png/cc0000/ffffff,9/10/2023,11/24/2023,cfrantsevf,mmayowf
17,297,http://dummyimage.com/241x100.png/5fa2dd/ffffff,3/20/2023,1/3/2024,awasmerg,kbertotg
18,596,http://dummyimage.com/195x100.png/5fa2dd/ffffff,9/17/2023,2/9/2023,sbusseyh,amalamoreh
19,546,http://dummyimage.com/130x100.png/5fa2dd/ffffff,8/12/2023,7/16/2023,vboadbyi,smedlari
20,903,http://dummyimage.com/237x100.png/cc0000/ffffff,5/18/2023,4/20/2023,lnobletj,mcoodej
21,930,http://dummyimage.com/102x100.png/dddddd/000000,9/3/2023,5/30/2023,pizakovk,dgradleyk
22,611,http://dummyimage.com/115x100.png/ff4444/ffffff,12/18/2023,5/25/2023,gmcclymondl,tnolletl
23,981,http://dummyimage.com/126x100.png/ff4444/ffffff,6/10/2023,10/17/2023,rcaplism,spappim
24,186,http://dummyimage.com/196x100.png/dddddd/000000,2/10/2023,8/31/2023,lmatysikn,cgerringn
25,954,http://dummyimage.com/214x100.png/dddddd/000000,9/22/2023,5/13/2023,bmityakovo,rquigleyo
26,703,http://dummyimage.com/108x100.png/5fa2dd/ffffff,5/20/2023,3/7/2023,mdainterp,mhayesmanp
27,25,http://dummyimage.com/211x100.png/ff4444/ffffff,3/2/2023,10/18/2023,geschalotteq,pbissellq
28,551,http://dummyimage.com/120x100.png/dddddd/000000,6/29/2023,10/20/2023,sgureryr,nliverr
29,167,http://dummyimage.com/194x100.png/ff4444/ffffff,11/17/2023,6/10/2023,nyannikovs,ldalls
30,163,http://dummyimage.com/238x100.png/cc0000/ffffff,8/17/2023,7/23/2023,vwillcott,lneilsont
31,199,http://dummyimage.com/135x100.png/cc0000/ffffff,12/1/2023,8/4/2023,bsharrattu,mwigginsu
32,431,http://dummyimage.com/230x100.png/cc0000/ffffff,1/18/2024,12/10/2023,fchawkleyv,mgaitv
33,769,http://dummyimage.com/142x100.png/dddddd/000000,9/23/2023,3/24/2023,dmacgillreichw,ohaselupw
34,36,http://dummyimage.com/154x100.png/5fa2dd/ffffff,12/6/2023,2/14/2023,bmaierx,rweddellx
35,963,http://dummyimage.com/126x100.png/ff4444/ffffff,2/13/2023,2/17/2023,jsoutherilly,cdomniny
36,728,http://dummyimage.com/111x100.png/5fa2dd/ffffff,5/13/2023,5/15/2023,lwhordleyz,fdeniskevichz
37,289,http://dummyimage.com/158x100.png/ff4444/ffffff,10/22/2023,12/10/2023,yorhtmann10,aeard10
38,487,http://dummyimage.com/101x100.png/dddddd/000000,5/23/2023,7/9/2023,bbushnell11,rravenscroft11
39,655,http://dummyimage.com/200x100.png/cc0000/ffffff,11/8/2023,9/3/2023,lfynes12,jjeffcoat12
40,126,http://dummyimage.com/243x100.png/cc0000/ffffff,2/26/2023,8/30/2023,jguinane13,rmatthieson13
41,642,http://dummyimage.com/108x100.png/dddddd/000000,6/6/2023,6/28/2023,cheamus14,mandersch14
42,449,http://dummyimage.com/233x100.png/ff4444/ffffff,10/23/2023,5/8/2023,kjorczyk15,ltoovey15
43,463,http://dummyimage.com/176x100.png/cc0000/ffffff,12/15/2023,4/29/2023,mbielfeldt16,dboddice16
44,309,http://dummyimage.com/198x100.png/dddddd/000000,9/21/2023,3/15/2023,smenaul17,efoggarty17
45,935,http://dummyimage.com/148x100.png/dddddd/000000,9/9/2023,9/12/2023,mfoulsham18,sgallafant18
46,639,http://dummyimage.com/153x100.png/5fa2dd/ffffff,5/23/2023,1/6/2024,mallom19,jcoram19
47,326,http://dummyimage.com/130x100.png/5fa2dd/ffffff,4/4/2023,4/7/2023,lbattersby1a,lffrench1a
48,957,http://dummyimage.com/235x100.png/dddddd/000000,9/11/2023,8/25/2023,gpatridge1b,enurdin1b
49,91,http://dummyimage.com/103x100.png/5fa2dd/ffffff,6/11/2023,11/18/2023,pbezzant1c,jjonas1c
50,969,http://dummyimage.com/188x100.png/dddddd/000000,9/4/2023,4/8/2023,bjarmain1d,dgerson1d
51,29,http://dummyimage.com/195x100.png/cc0000/ffffff,8/4/2023,11/17/2023,bcorkill1e,rmattiazzo1e
52,242,http://dummyimage.com/215x100.png/dddddd/000000,8/9/2023,1/25/2024,cdake1f,bmccurry1f
53,619,http://dummyimage.com/113x100.png/ff4444/ffffff,12/21/2023,7/2/2023,lmorecomb1g,mskelding1g
54,887,http://dummyimage.com/182x100.png/5fa2dd/ffffff,11/22/2023,5/7/2023,mrosewell1h,fbrimming1h
55,254,http://dummyimage.com/141x100.png/ff4444/ffffff,11/1/2023,3/26/2023,eohare1i,bpaddie1i
56,657,http://dummyimage.com/242x100.png/ff4444/ffffff,3/12/2023,6/2/2023,bfulbrook1j,ewreakes1j
57,51,http://dummyimage.com/237x100.png/cc0000/ffffff,7/4/2023,8/25/2023,gsteade1k,ptames1k
58,978,http://dummyimage.com/212x100.png/5fa2dd/ffffff,9/22/2023,9/20/2023,jmasedon1l,igarrioch1l
59,62,http://dummyimage.com/221x100.png/ff4444/ffffff,6/29/2023,1/1/2024,hivanshintsev1m,afloyed1m
60,206,http://dummyimage.com/129x100.png/ff4444/ffffff,5/30/2023,10/28/2023,sgobel1n,ewilhelmy1n
61,614,http://dummyimage.com/126x100.png/cc0000/ffffff,2/18/2023,9/8/2023,gbouchard1o,salldis1o
62,625,http://dummyimage.com/163x100.png/cc0000/ffffff,9/27/2023,7/21/2023,bjoule1p,bmillett1p
63,216,http://dummyimage.com/104x100.png/dddddd/000000,2/19/2023,11/9/2023,dpoat1q,asarchwell1q
64,142,http://dummyimage.com/202x100.png/cc0000/ffffff,5/25/2023,2/19/2023,pmaingot1r,ltarpey1r
65,512,http://dummyimage.com/167x100.png/dddddd/000000,6/12/2023,8/20/2023,bshevels1s,kgabbitas1s
66,805,http://dummyimage.com/219x100.png/cc0000/ffffff,5/5/2023,8/26/2023,cfarren1t,dbickerdicke1t
67,556,http://dummyimage.com/192x100.png/cc0000/ffffff,4/3/2023,12/25/2023,bboulstridge1u,wbaxill1u
68,126,http://dummyimage.com/177x100.png/ff4444/ffffff,5/31/2023,11/18/2023,eexton1v,akinnier1v
69,391,http://dummyimage.com/188x100.png/cc0000/ffffff,10/12/2023,8/17/2023,cconelly1w,atreves1w
70,296,http://dummyimage.com/165x100.png/ff4444/ffffff,2/15/2023,3/4/2023,pciraldo1x,groderigo1x
71,595,http://dummyimage.com/228x100.png/cc0000/ffffff,3/2/2023,1/11/2024,jcockarill1y,tpengelley1y
72,726,http://dummyimage.com/211x100.png/ff4444/ffffff,4/18/2023,8/19/2023,yfley1z,jmountford1z
73,28,http://dummyimage.com/223x100.png/cc0000/ffffff,2/24/2023,3/11/2023,jbadger20,grollins20
74,51,http://dummyimage.com/199x100.png/dddddd/000000,4/12/2023,4/28/2023,vkleanthous21,wscarff21
75,338,http://dummyimage.com/213x100.png/ff4444/ffffff,5/24/2023,8/20/2023,mpietrowski22,bsweeting22
76,238,http://dummyimage.com/166x100.png/cc0000/ffffff,8/28/2023,2/11/2023,cdutnell23,vpickthorn23
77,769,http://dummyimage.com/237x100.png/5fa2dd/ffffff,11/13/2023,1/23/2024,mduckfield24,aragot24
78,313,http://dummyimage.com/120x100.png/cc0000/ffffff,1/21/2024,2/13/2023,jdibben25,seam25
79,795,http://dummyimage.com/152x100.png/5fa2dd/ffffff,7/5/2023,7/29/2023,bmcginney26,jhubbuck26
80,318,http://dummyimage.com/119x100.png/cc0000/ffffff,10/24/2023,6/18/2023,edineen27,mmclarty27
81,625,http://dummyimage.com/169x100.png/cc0000/ffffff,4/22/2023,6/26/2023,vglinde28,mlound28
82,530,http://dummyimage.com/193x100.png/ff4444/ffffff,6/11/2023,10/9/2023,lmicka29,bselvey29
83,172,http://dummyimage.com/105x100.png/ff4444/ffffff,8/21/2023,12/19/2023,mcollerd2a,efiddyment2a
84,861,http://dummyimage.com/120x100.png/ff4444/ffffff,5/15/2023,10/16/2023,vlibbie2b,lkells2b
85,347,http://dummyimage.com/208x100.png/dddddd/000000,6/23/2023,6/16/2023,bstranieri2c,kalvey2c
86,402,http://dummyimage.com/103x100.png/ff4444/ffffff,10/31/2023,7/6/2023,gchatten2d,rizacenko2d
87,970,http://dummyimage.com/208x100.png/5fa2dd/ffffff,10/3/2023,10/17/2023,gcovert2e,nsale2e
88,870,http://dummyimage.com/223x100.png/dddddd/000000,9/15/2023,2/24/2023,qearnshaw2f,rkalderon2f
89,434,http://dummyimage.com/148x100.png/dddddd/000000,2/9/2023,10/24/2023,mstaneland2g,kgirardini2g
90,475,http://dummyimage.com/217x100.png/cc0000/ffffff,3/2/2023,3/27/2023,dather2h,rknaggs2h
91,535,http://dummyimage.com/177x100.png/cc0000/ffffff,11/11/2023,6/26/2023,sbendel2i,mdamper2i
92,159,http://dummyimage.com/146x100.png/5fa2dd/ffffff,2/28/2023,8/7/2023,kpranger2j,cpellew2j
93,90,http://dummyimage.com/156x100.png/dddddd/000000,4/7/2023,6/20/2023,mjurzyk2k,aseawell2k
94,818,http://dummyimage.com/190x100.png/5fa2dd/ffffff,11/29/2023,1/28/2024,cmcmenamie2l,abruhnke2l
95,383,http://dummyimage.com/172x100.png/5fa2dd/ffffff,5/5/2023,1/29/2024,dacom2m,mthurske2m
96,559,http://dummyimage.com/208x100.png/dddddd/000000,9/6/2023,2/6/2023,ebrason2n,sgodlee2n
97,210,http://dummyimage.com/233x100.png/dddddd/000000,2/17/2023,7/15/2023,pbrachell2o,gpaynter2o
98,915,http://dummyimage.com/190x100.png/ff4444/ffffff,8/12/2023,2/6/2023,bbrockie2p,canwell2p
99,294,http://dummyimage.com/103x100.png/5fa2dd/ffffff,10/13/2023,12/16/2023,sburnage2q,mhillatt2q
100,148,http://dummyimage.com/178x100.png/5fa2dd/ffffff,2/5/2023,4/29/2023,hfewings2r,rcowthart2r
101,461,http://dummyimage.com/127x100.png/5fa2dd/ffffff,6/4/2023,2/23/2023,tgrebner2s,akalinsky2s
102,798,http://dummyimage.com/161x100.png/dddddd/000000,10/6/2023,11/27/2023,skaplin2t,sdavidsen2t
103,544,http://dummyimage.com/141x100.png/ff4444/ffffff,1/11/2024,6/3/2023,sbyrde2u,rtebbutt2u
104,656,http://dummyimage.com/179x100.png/5fa2dd/ffffff,2/26/2023,6/8/2023,amacritchie2v,ibinne2v
105,751,http://dummyimage.com/150x100.png/5fa2dd/ffffff,5/16/2023,1/19/2024,istummeyer2w,kmatusov2w
106,387,http://dummyimage.com/123x100.png/ff4444/ffffff,10/8/2023,12/27/2023,nvignaux2x,merie2x
107,674,http://dummyimage.com/210x100.png/ff4444/ffffff,12/31/2023,6/20/2023,wgeldeard2y,bferrarese2y
108,192,http://dummyimage.com/140x100.png/cc0000/ffffff,6/5/2023,11/24/2023,erenton2z,handrew2z
109,321,http://dummyimage.com/240x100.png/cc0000/ffffff,7/16/2023,3/13/2023,tarnall30,wlawty30
110,666,http://dummyimage.com/206x100.png/cc0000/ffffff,9/1/2023,10/30/2023,cguymer31,atheobald31
111,405,http://dummyimage.com/241x100.png/ff4444/ffffff,12/14/2023,12/30/2023,tvaleri32,spaggitt32
112,448,http://dummyimage.com/207x100.png/cc0000/ffffff,3/18/2023,2/21/2023,hwhittlesee33,rluis33
113,524,http://dummyimage.com/250x100.png/dddddd/000000,10/20/2023,3/20/2023,cdecruse34,gdaughtrey34
114,311,http://dummyimage.com/157x100.png/ff4444/ffffff,6/14/2023,10/2/2023,nculmer35,cwarrington35
115,183,http://dummyimage.com/227x100.png/ff4444/ffffff,5/20/2023,2/13/2023,mlukianov36,rlawtey36
116,171,http://dummyimage.com/218x100.png/ff4444/ffffff,4/27/2023,8/29/2023,cgiraudeau37,kagnew37
117,635,http://dummyimage.com/121x100.png/cc0000/ffffff,11/14/2023,10/13/2023,wlammers38,asuerz38
118,24,http://dummyimage.com/207x100.png/dddddd/000000,9/17/2023,6/2/2023,tsivyour39,mbarwick39
119,103,http://dummyimage.com/242x100.png/ff4444/ffffff,7/2/2023,7/20/2023,pmcelwee3a,ndomelow3a
120,769,http://dummyimage.com/229x100.png/ff4444/ffffff,11/25/2023,6/27/2023,evolke3b,agoncaves3b
121,796,http://dummyimage.com/231x100.png/5fa2dd/ffffff,3/13/2023,12/22/2023,anabbs3c,ssherrocks3c
122,304,http://dummyimage.com/139x100.png/5fa2dd/ffffff,9/5/2023,9/18/2023,cvelden3d,tgiorgetti3d
123,239,http://dummyimage.com/119x100.png/cc0000/ffffff,3/28/2023,4/26/2023,abaudino3e,nlewknor3e
124,660,http://dummyimage.com/123x100.png/ff4444/ffffff,12/13/2023,8/4/2023,bferon3f,njzhakov3f
125,858,http://dummyimage.com/132x100.png/dddddd/000000,1/8/2024,5/13/2023,wstag3g,bwilks3g
126,400,http://dummyimage.com/104x100.png/dddddd/000000,5/5/2023,11/12/2023,iriatt3h,cstonall3h
127,569,http://dummyimage.com/173x100.png/ff4444/ffffff,7/21/2023,8/18/2023,lrizzello3i,wtumielli3i
128,805,http://dummyimage.com/230x100.png/dddddd/000000,11/20/2023,12/28/2023,cnajera3j,efeatley3j
129,774,http://dummyimage.com/131x100.png/dddddd/000000,9/19/2023,8/1/2023,aslaten3k,ciannuzzi3k
130,818,http://dummyimage.com/173x100.png/dddddd/000000,12/29/2023,9/6/2023,lmclane3l,omacritchie3l
131,316,http://dummyimage.com/234x100.png/5fa2dd/ffffff,6/16/2023,1/24/2024,tgruczka3m,amiddle3m
132,47,http://dummyimage.com/215x100.png/ff4444/ffffff,7/20/2023,3/31/2023,awormstone3n,mcorinton3n
133,995,http://dummyimage.com/234x100.png/cc0000/ffffff,8/14/2023,9/3/2023,hgaylard3o,zseymour3o
134,852,http://dummyimage.com/229x100.png/dddddd/000000,5/15/2023,7/15/2023,gbaude3p,hpratton3p
135,511,http://dummyimage.com/122x100.png/cc0000/ffffff,12/8/2023,5/30/2023,ufarryan3q,bcasement3q
136,58,http://dummyimage.com/165x100.png/dddddd/000000,9/30/2023,4/10/2023,sslidders3r,ebilovus3r
137,349,http://dummyimage.com/199x100.png/dddddd/000000,1/14/2024,11/24/2023,rmassel3s,hboom3s
138,927,http://dummyimage.com/154x100.png/ff4444/ffffff,12/10/2023,7/23/2023,speltz3t,mkellart3t
139,833,http://dummyimage.com/181x100.png/ff4444/ffffff,2/9/2023,5/6/2023,nausiello3u,bhallex3u
140,117,http://dummyimage.com/250x100.png/dddddd/000000,10/22/2023,8/20/2023,aheld3v,ncosans3v
141,274,http://dummyimage.com/208x100.png/5fa2dd/ffffff,11/24/2023,10/10/2023,lcruwys3w,molivia3w
142,98,http://dummyimage.com/142x100.png/5fa2dd/ffffff,1/24/2024,7/16/2023,omutter3x,cblatherwick3x
143,615,http://dummyimage.com/111x100.png/cc0000/ffffff,5/16/2023,7/25/2023,rdeely3y,aeveritt3y
144,848,http://dummyimage.com/121x100.png/cc0000/ffffff,11/15/2023,11/15/2023,mtorvey3z,jmussen3z
145,672,http://dummyimage.com/156x100.png/cc0000/ffffff,1/4/2024,7/15/2023,crosenstein40,lgebbe40
146,73,http://dummyimage.com/225x100.png/ff4444/ffffff,7/3/2023,4/30/2023,efetherston41,gnassie41
147,15,http://dummyimage.com/114x100.png/5fa2dd/ffffff,10/10/2023,1/18/2024,klabet42,mwilshaw42
148,821,http://dummyimage.com/246x100.png/cc0000/ffffff,7/5/2023,3/18/2023,tcrocken43,pstemson43
149,800,http://dummyimage.com/151x100.png/ff4444/ffffff,3/14/2023,8/28/2023,abrommage44,lstollenbeck44
150,996,http://dummyimage.com/202x100.png/5fa2dd/ffffff,6/16/2023,6/4/2023,gsmalles45,lnortunen45
151,809,http://dummyimage.com/247x100.png/ff4444/ffffff,1/10/2024,12/13/2023,fbriscow46,lcastaner46
152,456,http://dummyimage.com/156x100.png/dddddd/000000,6/4/2023,6/22/2023,lcorteis47,khearn47
153,711,http://dummyimage.com/201x100.png/cc0000/ffffff,10/20/2023,7/13/2023,egrent48,weldrett48
154,962,http://dummyimage.com/124x100.png/dddddd/000000,6/30/2023,10/22/2023,ktallman49,gstenyng49
155,1,http://dummyimage.com/187x100.png/ff4444/ffffff,8/23/2023,3/26/2023,cgurg4a,gnorman4a
156,658,http://dummyimage.com/162x100.png/ff4444/ffffff,1/13/2024,1/16/2024,wgitthouse4b,lmellmer4b
157,619,http://dummyimage.com/111x100.png/dddddd/000000,8/10/2023,2/28/2023,anockolds4c,dstalf4c
158,216,http://dummyimage.com/107x100.png/5fa2dd/ffffff,6/9/2023,9/3/2023,nturrell4d,karpin4d
159,435,http://dummyimage.com/170x100.png/5fa2dd/ffffff,12/17/2023,2/19/2023,dgilyott4e,cdigweed4e
160,927,http://dummyimage.com/176x100.png/5fa2dd/ffffff,7/1/2023,12/28/2023,sdurbyn4f,kadamsen4f
161,459,http://dummyimage.com/233x100.png/5fa2dd/ffffff,9/27/2023,8/23/2023,khawkshaw4g,rasmus4g
162,347,http://dummyimage.com/207x100.png/ff4444/ffffff,4/15/2023,3/2/2023,elanphere4h,dolynn4h
163,187,http://dummyimage.com/185x100.png/5fa2dd/ffffff,2/20/2023,6/26/2023,npinhorn4i,dbaptie4i
164,198,http://dummyimage.com/233x100.png/cc0000/ffffff,7/26/2023,2/24/2023,rmcamish4j,rlamkin4j
165,906,http://dummyimage.com/104x100.png/dddddd/000000,4/2/2023,6/16/2023,odebell4k,lkidson4k
166,325,http://dummyimage.com/218x100.png/5fa2dd/ffffff,5/18/2023,10/7/2023,hgurley4l,laimable4l
167,124,http://dummyimage.com/130x100.png/ff4444/ffffff,5/21/2023,7/11/2023,amorant4m,boffill4m
168,182,http://dummyimage.com/147x100.png/cc0000/ffffff,7/11/2023,6/11/2023,kwaldren4n,mcavill4n
169,279,http://dummyimage.com/209x100.png/ff4444/ffffff,11/10/2023,1/1/2024,bathowe4o,tebbles4o
170,406,http://dummyimage.com/199x100.png/cc0000/ffffff,8/22/2023,6/8/2023,sattwill4p,astevings4p
171,925,http://dummyimage.com/230x100.png/dddddd/000000,3/10/2023,1/28/2024,yroggero4q,wbirtonshaw4q
172,607,http://dummyimage.com/124x100.png/ff4444/ffffff,4/18/2023,8/23/2023,lberecloth4r,bdeering4r
173,801,http://dummyimage.com/238x100.png/cc0000/ffffff,12/11/2023,12/13/2023,smenchenton4s,vbarney4s
174,299,http://dummyimage.com/137x100.png/ff4444/ffffff,3/14/2023,7/14/2023,mmattersley4t,gfeatherstonhaugh4t
175,283,http://dummyimage.com/238x100.png/5fa2dd/ffffff,5/9/2023,12/19/2023,hmoret4u,atarling4u
176,380,http://dummyimage.com/150x100.png/ff4444/ffffff,1/21/2024,3/3/2023,rchasmar4v,ebirkin4v
177,142,http://dummyimage.com/175x100.png/ff4444/ffffff,10/5/2023,2/17/2023,gdittson4w,jtitcomb4w
178,426,http://dummyimage.com/159x100.png/cc0000/ffffff,1/11/2024,3/6/2023,abrownsea4x,gfantone4x
179,558,http://dummyimage.com/213x100.png/cc0000/ffffff,7/12/2023,5/20/2023,gmaben4y,hwilshire4y
180,25,http://dummyimage.com/201x100.png/cc0000/ffffff,9/13/2023,7/24/2023,cinwood4z,dklosges4z
181,816,http://dummyimage.com/220x100.png/cc0000/ffffff,12/27/2023,6/8/2023,cleipnik50,gjeanel50
182,560,http://dummyimage.com/223x100.png/dddddd/000000,11/20/2023,8/28/2023,kcoupman51,rskirven51
183,571,http://dummyimage.com/161x100.png/cc0000/ffffff,5/27/2023,11/23/2023,gsterke52,klambarton52
184,748,http://dummyimage.com/236x100.png/5fa2dd/ffffff,4/24/2023,3/29/2023,bhaines53,cnewgrosh53
185,321,http://dummyimage.com/152x100.png/cc0000/ffffff,2/3/2024,2/1/2024,fknowles54,dsecret54
186,431,http://dummyimage.com/175x100.png/cc0000/ffffff,6/2/2023,1/5/2024,mlyvon55,bcorrao55
187,748,http://dummyimage.com/202x100.png/cc0000/ffffff,10/25/2023,2/28/2023,rpassie56,aweippert56
188,491,http://dummyimage.com/233x100.png/dddddd/000000,5/5/2023,7/9/2023,swyldes57,ptort57
189,879,http://dummyimage.com/214x100.png/cc0000/ffffff,10/23/2023,5/8/2023,tmiell58,mtomaschke58
190,766,http://dummyimage.com/127x100.png/5fa2dd/ffffff,4/13/2023,7/27/2023,wfinnick59,cmcorkil59
191,923,http://dummyimage.com/133x100.png/5fa2dd/ffffff,4/14/2023,7/28/2023,bgrewes5a,lsiccombe5a
192,73,http://dummyimage.com/214x100.png/ff4444/ffffff,6/18/2023,6/15/2023,bablott5b,vbasilio5b
193,704,http://dummyimage.com/106x100.png/dddddd/000000,9/27/2023,10/20/2023,lbrunnen5c,ffilchakov5c
194,111,http://dummyimage.com/216x100.png/cc0000/ffffff,1/29/2024,2/9/2023,bchevolleau5d,slesslie5d
195,881,http://dummyimage.com/140x100.png/dddddd/000000,11/3/2023,7/19/2023,mkellard5e,ccheak5e
196,547,http://dummyimage.com/172x100.png/5fa2dd/ffffff,4/15/2023,6/20/2023,adoey5f,switts5f
197,791,http://dummyimage.com/104x100.png/ff4444/ffffff,9/7/2023,8/25/2023,gmulhall5g,zpistol5g
198,976,http://dummyimage.com/103x100.png/5fa2dd/ffffff,1/27/2024,4/24/2023,lmayne5h,ahovenden5h
199,16,http://dummyimage.com/240x100.png/cc0000/ffffff,12/14/2023,10/11/2023,agarard5i,shighman5i
200,770,http://dummyimage.com/235x100.png/ff4444/ffffff,7/2/2023,7/16/2023,bshearsby5j,lsutterfield5j
201,43,http://dummyimage.com/241x100.png/ff4444/ffffff,12/5/2023,5/23/2023,dduham5k,bjanic5k
202,834,http://dummyimage.com/133x100.png/dddddd/000000,10/23/2023,9/6/2023,lbadman5l,smingus5l
203,32,http://dummyimage.com/145x100.png/ff4444/ffffff,10/5/2023,9/23/2023,tsaunter5m,ashallow5m
204,590,http://dummyimage.com/186x100.png/dddddd/000000,11/28/2023,7/10/2023,smarjot5n,jhayworth5n
205,81,http://dummyimage.com/225x100.png/ff4444/ffffff,12/28/2023,6/20/2023,ebenitez5o,eperrinchief5o
206,674,http://dummyimage.com/140x100.png/dddddd/000000,4/8/2023,2/2/2024,mmandell5p,nbewick5p
207,382,http://dummyimage.com/129x100.png/cc0000/ffffff,4/15/2023,8/26/2023,amillins5q,fbortolini5q
208,170,http://dummyimage.com/234x100.png/dddddd/000000,7/18/2023,7/5/2023,garnull5r,socrevy5r
209,902,http://dummyimage.com/249x100.png/ff4444/ffffff,7/9/2023,12/8/2023,zstockin5s,glabadini5s
210,580,http://dummyimage.com/112x100.png/dddddd/000000,6/28/2023,10/13/2023,tsheringham5t,mcufflin5t
211,318,http://dummyimage.com/150x100.png/dddddd/000000,9/30/2023,7/13/2023,rkensit5u,cmaylour5u
212,789,http://dummyimage.com/144x100.png/5fa2dd/ffffff,9/6/2023,8/27/2023,oyitzovicz5v,tstruttman5v
213,92,http://dummyimage.com/147x100.png/dddddd/000000,4/30/2023,8/4/2023,ljeffry5w,gberthomieu5w
214,212,http://dummyimage.com/230x100.png/cc0000/ffffff,5/16/2023,6/23/2023,jsouza5x,hcomben5x
215,854,http://dummyimage.com/157x100.png/ff4444/ffffff,2/20/2023,7/20/2023,jdefreitas5y,rsans5y
216,687,http://dummyimage.com/218x100.png/dddddd/000000,7/21/2023,3/2/2023,cgilbane5z,jeverard5z
217,842,http://dummyimage.com/230x100.png/dddddd/000000,4/10/2023,7/2/2023,tkofax60,bwhatford60
218,741,http://dummyimage.com/119x100.png/dddddd/000000,9/29/2023,12/31/2023,hgrinley61,lelcy61
219,124,http://dummyimage.com/207x100.png/cc0000/ffffff,3/17/2023,6/18/2023,lcrayk62,fgrebert62
220,235,http://dummyimage.com/109x100.png/dddddd/000000,7/19/2023,1/13/2024,dwebland63,jfarreil63
221,337,http://dummyimage.com/186x100.png/dddddd/000000,9/19/2023,3/27/2023,kyoskowitz64,nfounds64
222,247,http://dummyimage.com/105x100.png/5fa2dd/ffffff,5/19/2023,4/26/2023,oexeter65,ghenrion65
223,299,http://dummyimage.com/127x100.png/cc0000/ffffff,5/16/2023,7/8/2023,amuzzini66,jleavey66
224,280,http://dummyimage.com/135x100.png/dddddd/000000,1/5/2024,5/11/2023,kbaskeyfied67,rrouse67
225,797,http://dummyimage.com/151x100.png/5fa2dd/ffffff,5/3/2023,6/15/2023,etheobald68,avolkers68
226,201,http://dummyimage.com/102x100.png/ff4444/ffffff,8/1/2023,4/7/2023,dboissieux69,lguppey69
227,205,http://dummyimage.com/172x100.png/ff4444/ffffff,7/30/2023,9/1/2023,cboatswain6a,ymarte6a
228,343,http://dummyimage.com/177x100.png/dddddd/000000,2/2/2024,10/2/2023,jbauld6b,umethven6b
229,441,http://dummyimage.com/244x100.png/dddddd/000000,9/13/2023,3/12/2023,selam6c,bmcgilmartin6c
230,271,http://dummyimage.com/161x100.png/ff4444/ffffff,6/24/2023,10/27/2023,wforty6d,bmaffini6d
231,424,http://dummyimage.com/158x100.png/ff4444/ffffff,1/16/2024,12/27/2023,vpattlel6e,swallsam6e
232,519,http://dummyimage.com/234x100.png/cc0000/ffffff,3/4/2023,9/28/2023,scran6f,rplanke6f
233,755,http://dummyimage.com/215x100.png/dddddd/000000,11/17/2023,9/11/2023,abirkhead6g,ptetlow6g
234,576,http://dummyimage.com/198x100.png/ff4444/ffffff,2/21/2023,1/20/2024,shaddock6h,rapperley6h
235,287,http://dummyimage.com/184x100.png/ff4444/ffffff,1/21/2024,1/16/2024,sbachnic6i,kralls6i
236,888,http://dummyimage.com/138x100.png/5fa2dd/ffffff,2/21/2023,7/12/2023,rhagard6j,kchipps6j
237,225,http://dummyimage.com/249x100.png/5fa2dd/ffffff,1/4/2024,1/12/2024,jbevir6k,nknoton6k
238,24,http://dummyimage.com/171x100.png/5fa2dd/ffffff,5/28/2023,4/17/2023,mtomei6l,dyellowlea6l
239,975,http://dummyimage.com/135x100.png/dddddd/000000,1/28/2024,7/28/2023,csapwell6m,cberthe6m
240,841,http://dummyimage.com/230x100.png/cc0000/ffffff,6/26/2023,12/6/2023,fbohler6n,anares6n
241,946,http://dummyimage.com/142x100.png/cc0000/ffffff,12/16/2023,8/19/2023,rbarhims6o,gsmallcomb6o
242,167,http://dummyimage.com/108x100.png/cc0000/ffffff,10/28/2023,6/7/2023,aollarenshaw6p,kturneaux6p
243,619,http://dummyimage.com/153x100.png/5fa2dd/ffffff,3/29/2023,11/5/2023,eandor6q,ggaiford6q
244,651,http://dummyimage.com/167x100.png/5fa2dd/ffffff,4/19/2023,1/11/2024,eszreter6r,rpharo6r
245,901,http://dummyimage.com/214x100.png/5fa2dd/ffffff,2/4/2024,11/5/2023,egrowden6s,pfair6s
246,718,http://dummyimage.com/137x100.png/dddddd/000000,8/11/2023,12/10/2023,amcclure6t,ttape6t
247,938,http://dummyimage.com/240x100.png/5fa2dd/ffffff,1/21/2024,9/19/2023,mjosifovitz6u,wleadbeater6u
248,993,http://dummyimage.com/170x100.png/ff4444/ffffff,7/29/2023,9/10/2023,pvyse6v,pviall6v
249,27,http://dummyimage.com/187x100.png/dddddd/000000,11/12/2023,11/25/2023,cfarrier6w,ovogt6w
250,903,http://dummyimage.com/221x100.png/dddddd/000000,10/3/2023,1/5/2024,mweare6x,ledgin6x
251,425,http://dummyimage.com/222x100.png/ff4444/ffffff,1/23/2024,11/8/2023,rsarfati6y,mdignum6y
252,720,http://dummyimage.com/196x100.png/ff4444/ffffff,7/27/2023,11/8/2023,mwistance6z,jkmieciak6z
253,453,http://dummyimage.com/215x100.png/dddddd/000000,9/11/2023,9/2/2023,bcogzell70,gkief70
254,975,http://dummyimage.com/232x100.png/dddddd/000000,8/12/2023,9/19/2023,bspoole71,shuntriss71
255,845,http://dummyimage.com/100x100.png/5fa2dd/ffffff,3/11/2023,3/4/2023,asummerskill72,hbastistini72
256,984,http://dummyimage.com/219x100.png/5fa2dd/ffffff,12/27/2023,3/3/2023,dboshier73,bpendock73
257,531,http://dummyimage.com/211x100.png/cc0000/ffffff,11/15/2023,1/1/2024,ealmey74,jshevelin74
258,374,http://dummyimage.com/249x100.png/5fa2dd/ffffff,3/28/2023,11/25/2023,nscottini75,scarme75
259,340,http://dummyimage.com/219x100.png/cc0000/ffffff,10/11/2023,12/4/2023,lsiddaley76,sboomes76
260,946,http://dummyimage.com/160x100.png/cc0000/ffffff,6/19/2023,9/21/2023,lpersicke77,anannizzi77
261,957,http://dummyimage.com/190x100.png/ff4444/ffffff,5/31/2023,4/11/2023,wlehrahan78,jchicchelli78
262,128,http://dummyimage.com/144x100.png/cc0000/ffffff,7/25/2023,3/17/2023,kcortnay79,bbeddingham79
263,276,http://dummyimage.com/197x100.png/dddddd/000000,11/23/2023,6/4/2023,mcleary7a,mpadberry7a
264,217,http://dummyimage.com/210x100.png/cc0000/ffffff,4/12/2023,1/8/2024,cmccritchie7b,astitt7b
265,288,http://dummyimage.com/120x100.png/dddddd/000000,3/4/2023,12/19/2023,naughtie7c,sbrowett7c
266,130,http://dummyimage.com/114x100.png/5fa2dd/ffffff,12/25/2023,10/2/2023,pcasetta7d,cfaire7d
267,645,http://dummyimage.com/138x100.png/5fa2dd/ffffff,7/27/2023,11/4/2023,mjuleff7e,psaller7e
268,518,http://dummyimage.com/215x100.png/dddddd/000000,11/4/2023,5/18/2023,tpasek7f,sbegent7f
269,246,http://dummyimage.com/114x100.png/cc0000/ffffff,9/16/2023,1/12/2024,splayer7g,ipoxon7g
270,121,http://dummyimage.com/131x100.png/cc0000/ffffff,8/4/2023,9/8/2023,fhumpatch7h,bbracegirdle7h
271,21,http://dummyimage.com/199x100.png/dddddd/000000,4/11/2023,10/8/2023,kstrutley7i,bminger7i
272,722,http://dummyimage.com/112x100.png/cc0000/ffffff,4/21/2023,1/6/2024,omarran7j,garcase7j
273,952,http://dummyimage.com/191x100.png/cc0000/ffffff,3/25/2023,3/2/2023,zphipps7k,vbertrand7k
274,197,http://dummyimage.com/126x100.png/dddddd/000000,5/2/2023,7/31/2023,tcottle7l,sjephcote7l
275,740,http://dummyimage.com/246x100.png/cc0000/ffffff,4/14/2023,12/3/2023,mfavelle7m,jgladden7m
276,74,http://dummyimage.com/206x100.png/dddddd/000000,11/19/2023,11/4/2023,tsherwin7n,mjoanaud7n
277,814,http://dummyimage.com/173x100.png/5fa2dd/ffffff,2/6/2023,3/12/2023,gkitteman7o,nkellard7o
278,291,http://dummyimage.com/184x100.png/cc0000/ffffff,9/4/2023,5/2/2023,hricoald7p,bduerdin7p
279,351,http://dummyimage.com/138x100.png/cc0000/ffffff,1/11/2024,4/22/2023,jmccomb7q,tlindgren7q
280,410,http://dummyimage.com/124x100.png/5fa2dd/ffffff,7/14/2023,10/3/2023,jsecker7r,sgwilliams7r
281,957,http://dummyimage.com/216x100.png/dddddd/000000,4/17/2023,3/31/2023,hpetrina7s,pmccritchie7s
282,652,http://dummyimage.com/147x100.png/dddddd/000000,1/16/2024,1/27/2024,tdeatta7t,bfleet7t
283,871,http://dummyimage.com/225x100.png/5fa2dd/ffffff,9/3/2023,8/18/2023,dsoughton7u,orisen7u
284,570,http://dummyimage.com/175x100.png/dddddd/000000,5/9/2023,2/1/2024,dpigny7v,mamey7v
285,28,http://dummyimage.com/157x100.png/dddddd/000000,8/30/2023,8/28/2023,egraben7w,mchudleigh7w
286,592,http://dummyimage.com/115x100.png/dddddd/000000,12/23/2023,12/25/2023,ikohn7x,bjanway7x
287,296,http://dummyimage.com/156x100.png/ff4444/ffffff,7/27/2023,4/9/2023,kbernhart7y,tbartoloma7y
288,941,http://dummyimage.com/163x100.png/5fa2dd/ffffff,1/8/2024,1/21/2024,weggers7z,vsheeran7z
289,739,http://dummyimage.com/173x100.png/ff4444/ffffff,11/25/2023,1/15/2024,skosel80,ghansemann80
290,747,http://dummyimage.com/170x100.png/dddddd/000000,12/31/2023,10/27/2023,jdedomenici81,fdraycott81
291,238,http://dummyimage.com/158x100.png/cc0000/ffffff,10/19/2023,9/3/2023,mbartels82,ebriddock82
292,725,http://dummyimage.com/124x100.png/cc0000/ffffff,7/4/2023,7/3/2023,hcruden83,klude83
293,743,http://dummyimage.com/221x100.png/cc0000/ffffff,9/23/2023,1/22/2024,cbilbrooke84,bespley84
294,467,http://dummyimage.com/122x100.png/ff4444/ffffff,6/4/2023,4/8/2023,cdebenedetti85,sbroxup85
295,552,http://dummyimage.com/219x100.png/ff4444/ffffff,4/25/2023,11/24/2023,hbrommage86,mdowty86
296,983,http://dummyimage.com/154x100.png/5fa2dd/ffffff,12/22/2023,10/20/2023,cswatheridge87,ldrinkall87
297,897,http://dummyimage.com/208x100.png/dddddd/000000,4/19/2023,3/25/2023,bdoone88,jcearley88
298,534,http://dummyimage.com/159x100.png/5fa2dd/ffffff,3/15/2023,4/28/2023,skensley89,cjonuzi89
299,447,http://dummyimage.com/129x100.png/ff4444/ffffff,9/24/2023,7/5/2023,lgoodright8a,nklimus8a
300,407,http://dummyimage.com/156x100.png/cc0000/ffffff,6/18/2023,8/4/2023,nmussett8b,kmckeran8b
301,558,http://dummyimage.com/165x100.png/ff4444/ffffff,3/5/2023,12/30/2023,cquarrell8c,fboarer8c
302,261,http://dummyimage.com/168x100.png/ff4444/ffffff,1/7/2024,2/9/2023,badamoli8d,csiss8d
303,102,http://dummyimage.com/120x100.png/cc0000/ffffff,10/21/2023,11/28/2023,tkelsall8e,ftomalin8e
304,65,http://dummyimage.com/226x100.png/5fa2dd/ffffff,5/3/2023,10/6/2023,dbruckmann8f,jadlington8f
305,419,http://dummyimage.com/100x100.png/dddddd/000000,3/12/2023,3/4/2023,hpatington8g,dpapis8g
306,808,http://dummyimage.com/106x100.png/5fa2dd/ffffff,2/18/2023,5/8/2023,edelayglesia8h,bolczak8h
307,537,http://dummyimage.com/226x100.png/5fa2dd/ffffff,12/4/2023,4/9/2023,bbusen8i,cwhelband8i
308,538,http://dummyimage.com/189x100.png/ff4444/ffffff,9/1/2023,6/20/2023,ngallego8j,collander8j
309,850,http://dummyimage.com/240x100.png/5fa2dd/ffffff,10/1/2023,9/26/2023,dhinkes8k,mbickardike8k
310,256,http://dummyimage.com/209x100.png/5fa2dd/ffffff,5/17/2023,3/27/2023,becob8l,ooneligan8l
311,398,http://dummyimage.com/176x100.png/dddddd/000000,5/11/2023,7/17/2023,kmcreynold8m,hgrigorushkin8m
312,837,http://dummyimage.com/200x100.png/dddddd/000000,8/5/2023,4/28/2023,daizikowitz8n,kmasterson8n
313,69,http://dummyimage.com/151x100.png/ff4444/ffffff,2/7/2023,4/26/2023,jblew8o,mpleven8o
314,399,http://dummyimage.com/121x100.png/cc0000/ffffff,11/15/2023,11/10/2023,gdunley8p,jdeppe8p
315,343,http://dummyimage.com/237x100.png/cc0000/ffffff,3/6/2023,12/7/2023,pmacieiczyk8q,hruske8q
316,192,http://dummyimage.com/150x100.png/dddddd/000000,11/13/2023,6/28/2023,mmcbain8r,wrosten8r
317,569,http://dummyimage.com/163x100.png/ff4444/ffffff,12/12/2023,9/9/2023,gbleasby8s,gjillions8s
318,170,http://dummyimage.com/144x100.png/ff4444/ffffff,2/25/2023,6/25/2023,adutnell8t,aaleswell8t
319,300,http://dummyimage.com/101x100.png/dddddd/000000,10/4/2023,6/7/2023,jdelchecolo8u,khowett8u
320,495,http://dummyimage.com/208x100.png/5fa2dd/ffffff,6/1/2023,11/25/2023,ahinstridge8v,gparkyn8v
321,477,http://dummyimage.com/185x100.png/ff4444/ffffff,1/16/2024,1/25/2024,gmersey8w,jpool8w
322,255,http://dummyimage.com/216x100.png/5fa2dd/ffffff,8/24/2023,5/28/2023,bparker8x,mbasire8x
323,657,http://dummyimage.com/172x100.png/5fa2dd/ffffff,4/29/2023,4/23/2023,nwaddell8y,eswatheridge8y
324,545,http://dummyimage.com/119x100.png/dddddd/000000,3/30/2023,12/31/2023,lswann8z,cbosworth8z
325,543,http://dummyimage.com/247x100.png/dddddd/000000,10/19/2023,4/21/2023,rtessier90,rcardis90
326,53,http://dummyimage.com/104x100.png/ff4444/ffffff,11/7/2023,2/11/2023,vwones91,fbrend91
327,499,http://dummyimage.com/239x100.png/5fa2dd/ffffff,4/21/2023,10/20/2023,dbromell92,dmartugin92
328,935,http://dummyimage.com/129x100.png/ff4444/ffffff,6/7/2023,9/28/2023,myurukhin93,vpien93
329,988,http://dummyimage.com/104x100.png/cc0000/ffffff,3/23/2023,12/27/2023,clongley94,echurchyard94
330,749,http://dummyimage.com/168x100.png/ff4444/ffffff,4/3/2023,2/1/2024,jcrosser95,afriberg95
331,479,http://dummyimage.com/193x100.png/cc0000/ffffff,10/23/2023,3/4/2023,iyaus96,ccalver96
332,820,http://dummyimage.com/135x100.png/ff4444/ffffff,3/24/2023,9/11/2023,eminihan97,lchittock97
333,173,http://dummyimage.com/150x100.png/dddddd/000000,7/31/2023,10/21/2023,dpepperill98,ldarthe98
334,260,http://dummyimage.com/173x100.png/ff4444/ffffff,7/25/2023,4/18/2023,ghansill99,cbootell99
335,770,http://dummyimage.com/177x100.png/ff4444/ffffff,10/15/2023,4/24/2023,rdameisele9a,rbarck9a
336,146,http://dummyimage.com/163x100.png/ff4444/ffffff,11/1/2023,8/7/2023,santalffy9b,pbrosel9b
337,516,http://dummyimage.com/160x100.png/dddddd/000000,10/12/2023,6/2/2023,astollwerk9c,hsnazle9c
338,36,http://dummyimage.com/196x100.png/dddddd/000000,3/21/2023,5/26/2023,ltrusslove9d,ekennford9d
339,613,http://dummyimage.com/226x100.png/cc0000/ffffff,8/19/2023,3/17/2023,mbaptist9e,icosyns9e
340,700,http://dummyimage.com/120x100.png/ff4444/ffffff,10/3/2023,3/25/2023,latwater9f,mhaines9f
341,11,http://dummyimage.com/106x100.png/cc0000/ffffff,6/10/2023,2/4/2024,lbretelle9g,dderricoat9g
342,369,http://dummyimage.com/243x100.png/cc0000/ffffff,12/4/2023,10/29/2023,kguido9h,mrodenborch9h
343,202,http://dummyimage.com/119x100.png/cc0000/ffffff,12/27/2023,8/18/2023,cnickerson9i,vmundle9i
344,500,http://dummyimage.com/160x100.png/5fa2dd/ffffff,11/20/2023,1/11/2024,aogelbe9j,bgarley9j
345,518,http://dummyimage.com/198x100.png/dddddd/000000,9/19/2023,12/31/2023,llawly9k,rwhiskin9k
346,686,http://dummyimage.com/207x100.png/ff4444/ffffff,4/19/2023,12/14/2023,whampshire9l,cwhilde9l
347,873,http://dummyimage.com/240x100.png/ff4444/ffffff,4/29/2023,2/27/2023,mmaypole9m,mshoulder9m
348,526,http://dummyimage.com/229x100.png/5fa2dd/ffffff,2/28/2023,1/31/2024,phallybone9n,ijanko9n
349,484,http://dummyimage.com/170x100.png/dddddd/000000,10/16/2023,2/26/2023,neakins9o,aspere9o
350,323,http://dummyimage.com/203x100.png/5fa2dd/ffffff,6/10/2023,10/20/2023,mkirwood9p,nlotwich9p
351,644,http://dummyimage.com/148x100.png/ff4444/ffffff,2/9/2023,8/18/2023,agladdish9q,mfaltskog9q
352,683,http://dummyimage.com/190x100.png/ff4444/ffffff,4/7/2023,12/3/2023,egilhooly9r,ebrooksbank9r
353,61,http://dummyimage.com/180x100.png/dddddd/000000,8/17/2023,2/2/2024,dlamb9s,mchipping9s
354,155,http://dummyimage.com/147x100.png/5fa2dd/ffffff,12/31/2023,11/8/2023,mtilby9t,havramov9t
355,725,http://dummyimage.com/247x100.png/5fa2dd/ffffff,12/10/2023,3/27/2023,chuge9u,kfawthorpe9u
356,371,http://dummyimage.com/246x100.png/ff4444/ffffff,8/11/2023,7/22/2023,ssatch9v,rhartzog9v
357,52,http://dummyimage.com/247x100.png/ff4444/ffffff,7/10/2023,4/19/2023,dtrank9w,nkolushev9w
358,510,http://dummyimage.com/187x100.png/5fa2dd/ffffff,8/30/2023,10/22/2023,jgilleon9x,cconneau9x
359,330,http://dummyimage.com/117x100.png/dddddd/000000,8/28/2023,6/14/2023,tpetrolli9y,amccreagh9y
360,556,http://dummyimage.com/229x100.png/cc0000/ffffff,12/29/2023,10/22/2023,jwoodfield9z,raxel9z
361,876,http://dummyimage.com/202x100.png/dddddd/000000,7/31/2023,12/4/2023,wlowerya0,ewhitleya0
362,199,http://dummyimage.com/150x100.png/ff4444/ffffff,1/23/2024,10/28/2023,mshoutea1,aormstona1
363,652,http://dummyimage.com/184x100.png/ff4444/ffffff,12/27/2023,6/8/2023,smeriotta2,obarneya2
364,769,http://dummyimage.com/230x100.png/dddddd/000000,4/17/2023,8/11/2023,aderuggieroa3,mjeffryesa3
365,773,http://dummyimage.com/220x100.png/ff4444/ffffff,3/8/2023,1/22/2024,rdelcastela4,bspraberrya4
366,477,http://dummyimage.com/199x100.png/dddddd/000000,3/20/2023,11/25/2023,mmorenaa5,lkinneira5
367,803,http://dummyimage.com/230x100.png/ff4444/ffffff,12/9/2023,12/4/2023,ekimburya6,drattera6
368,886,http://dummyimage.com/175x100.png/5fa2dd/ffffff,5/16/2023,4/22/2023,lgrahla7,grodenborcha7
369,708,http://dummyimage.com/219x100.png/dddddd/000000,12/16/2023,8/5/2023,dbreznovica8,arymella8
370,326,http://dummyimage.com/125x100.png/cc0000/ffffff,7/16/2023,1/18/2024,cmeringtona9,adrachea9
371,150,http://dummyimage.com/224x100.png/dddddd/000000,10/1/2023,1/29/2024,lwitteringaa,ebockingaa
372,590,http://dummyimage.com/137x100.png/dddddd/000000,12/2/2023,11/18/2023,aboswardab,jdoyab
373,687,http://dummyimage.com/243x100.png/5fa2dd/ffffff,7/9/2023,1/3/2024,aaimerac,mwittierac
374,135,http://dummyimage.com/147x100.png/ff4444/ffffff,12/8/2023,12/29/2023,rperegrinead,pcrucittiad
375,982,http://dummyimage.com/169x100.png/dddddd/000000,7/16/2023,1/13/2024,nlachezeae,atrimbleae
376,545,http://dummyimage.com/116x100.png/ff4444/ffffff,4/5/2023,5/7/2023,nanthamaf,fnuttenaf
377,599,http://dummyimage.com/115x100.png/5fa2dd/ffffff,8/9/2023,9/26/2023,tpesseltag,jbraidfordag
378,314,http://dummyimage.com/115x100.png/cc0000/ffffff,5/15/2023,5/9/2023,jcaldecottah,rmackernessah
379,320,http://dummyimage.com/155x100.png/5fa2dd/ffffff,5/10/2023,10/24/2023,bbarenseai,ethemlai
380,682,http://dummyimage.com/233x100.png/ff4444/ffffff,1/12/2024,2/1/2024,ddabelsaj,lelsegoodaj
381,292,http://dummyimage.com/233x100.png/5fa2dd/ffffff,7/22/2023,10/22/2023,crosseyak,mtrewhellaak
382,342,http://dummyimage.com/151x100.png/ff4444/ffffff,10/7/2023,3/12/2023,sdythamal,araffinal
383,427,http://dummyimage.com/114x100.png/ff4444/ffffff,4/28/2023,4/7/2023,mstuddam,dcoverleyam
384,265,http://dummyimage.com/202x100.png/5fa2dd/ffffff,1/12/2024,1/27/2024,mgannawayan,ftoffanoan
385,942,http://dummyimage.com/182x100.png/dddddd/000000,5/27/2023,5/4/2023,ssoftleyao,hrelfeao
386,522,http://dummyimage.com/185x100.png/ff4444/ffffff,8/30/2023,3/9/2023,aguerrieroap,jrebeiroap
387,480,http://dummyimage.com/157x100.png/5fa2dd/ffffff,7/24/2023,5/7/2023,mgarcesaq,sbernardeauaq
388,49,http://dummyimage.com/162x100.png/5fa2dd/ffffff,9/16/2023,10/17/2023,dhamorar,bdredgear
389,430,http://dummyimage.com/169x100.png/ff4444/ffffff,4/15/2023,9/23/2023,vsimnelas,sbastowas
390,967,http://dummyimage.com/207x100.png/cc0000/ffffff,5/7/2023,6/7/2023,etruettat,mbillingslyat
391,315,http://dummyimage.com/138x100.png/cc0000/ffffff,3/21/2023,4/12/2023,knoddlesau,cvynallau
392,550,http://dummyimage.com/129x100.png/5fa2dd/ffffff,5/24/2023,4/28/2023,kevinsav,hmoscoav
393,963,http://dummyimage.com/247x100.png/ff4444/ffffff,4/21/2023,10/19/2023,mclimieaw,alichfieldaw
394,316,http://dummyimage.com/194x100.png/ff4444/ffffff,11/3/2023,5/20/2023,cwaythingax,psergentax
395,911,http://dummyimage.com/215x100.png/ff4444/ffffff,1/11/2024,4/8/2023,rcostanzaay,dkeiltyay
396,156,http://dummyimage.com/147x100.png/dddddd/000000,6/30/2023,1/5/2024,ckaufmanaz,tsemeradaz
397,772,http://dummyimage.com/114x100.png/cc0000/ffffff,7/16/2023,3/14/2023,winchleyb0,sthemlb0
398,115,http://dummyimage.com/109x100.png/dddddd/000000,3/2/2023,10/8/2023,dstogillb1,charralb1
399,888,http://dummyimage.com/152x100.png/dddddd/000000,12/12/2023,3/21/2023,jbouzekb2,cciccarellob2
400,584,http://dummyimage.com/142x100.png/dddddd/000000,5/30/2023,2/8/2023,ppratchettb3,lvanyushinb3
401,960,http://dummyimage.com/236x100.png/ff4444/ffffff,6/2/2023,6/28/2023,cmockesb4,erivardb4
402,453,http://dummyimage.com/147x100.png/dddddd/000000,3/24/2023,11/27/2023,rmeakinb5,jjearyb5
403,638,http://dummyimage.com/162x100.png/ff4444/ffffff,10/1/2023,6/27/2023,trosenstielb6,smingetb6
404,720,http://dummyimage.com/244x100.png/ff4444/ffffff,8/19/2023,2/11/2023,clarventb7,rgehrelsb7
405,792,http://dummyimage.com/223x100.png/cc0000/ffffff,5/20/2023,10/17/2023,bhoulridgeb8,boscroftb8
406,881,http://dummyimage.com/194x100.png/cc0000/ffffff,3/21/2023,4/5/2023,flumpkinb9,asowrahb9
407,758,http://dummyimage.com/121x100.png/cc0000/ffffff,5/24/2023,11/16/2023,awhytemanba,dshelleyba
408,884,http://dummyimage.com/185x100.png/cc0000/ffffff,1/25/2024,10/28/2023,molfertbb,lhullotbb
409,648,http://dummyimage.com/242x100.png/dddddd/000000,5/20/2023,8/30/2023,ccowenbc,osiviourbc
410,28,http://dummyimage.com/114x100.png/cc0000/ffffff,8/6/2023,5/20/2023,kfoulghambd,astanylandbd
411,225,http://dummyimage.com/165x100.png/5fa2dd/ffffff,2/4/2024,12/10/2023,ibeadlesbe,ccollarbe
412,250,http://dummyimage.com/170x100.png/dddddd/000000,11/3/2023,4/3/2023,hsheehybf,gglidderbf
413,571,http://dummyimage.com/224x100.png/dddddd/000000,11/15/2023,9/12/2023,bfurmagebg,cliepmannbg
414,564,http://dummyimage.com/180x100.png/ff4444/ffffff,11/19/2023,10/21/2023,cvaggbh,jmcelvoguebh
415,352,http://dummyimage.com/107x100.png/cc0000/ffffff,9/22/2023,9/28/2023,dcomerbi,cdrewerybi
416,364,http://dummyimage.com/108x100.png/ff4444/ffffff,7/27/2023,2/3/2024,rbelfieldbj,anayerbj
417,128,http://dummyimage.com/219x100.png/ff4444/ffffff,3/28/2023,5/4/2023,ntallboybk,lleaderbk
418,968,http://dummyimage.com/131x100.png/dddddd/000000,11/10/2023,4/1/2023,hvickarbl,hsonebl
419,283,http://dummyimage.com/115x100.png/dddddd/000000,8/27/2023,7/10/2023,wkonzelmannbm,cdabnorbm
420,623,http://dummyimage.com/190x100.png/dddddd/000000,11/29/2023,5/12/2023,jwaisonbn,dstelljesbn
421,107,http://dummyimage.com/153x100.png/dddddd/000000,9/7/2023,12/8/2023,mknivettbo,tkilcoynebo
422,713,http://dummyimage.com/123x100.png/dddddd/000000,11/6/2023,6/12/2023,ebusswellbp,krignoldesbp
423,200,http://dummyimage.com/239x100.png/dddddd/000000,6/24/2023,5/21/2023,cartistbq,kinglefieldbq
424,312,http://dummyimage.com/137x100.png/dddddd/000000,4/16/2023,9/27/2023,scutcheybr,amcphelimeybr
425,456,http://dummyimage.com/245x100.png/ff4444/ffffff,8/10/2023,5/31/2023,kgeertjebs,bruddlebs
426,285,http://dummyimage.com/161x100.png/dddddd/000000,7/22/2023,6/29/2023,oforsaithbt,cburgisibt
427,339,http://dummyimage.com/138x100.png/ff4444/ffffff,10/24/2023,8/1/2023,dferruccibu,blapworthbu
428,309,http://dummyimage.com/116x100.png/cc0000/ffffff,11/6/2023,1/18/2024,mrubenchikbv,fcuttlerbv
429,816,http://dummyimage.com/196x100.png/cc0000/ffffff,7/26/2023,11/21/2023,wmatleybw,hdorinbw
430,804,http://dummyimage.com/235x100.png/ff4444/ffffff,4/16/2023,6/22/2023,ratkynsbx,jchismanbx
431,287,http://dummyimage.com/125x100.png/dddddd/000000,7/10/2023,6/4/2023,vortmannby,jjuanby
432,929,http://dummyimage.com/213x100.png/5fa2dd/ffffff,5/4/2023,9/25/2023,pspillmanbz,ggabbatissbz
433,86,http://dummyimage.com/107x100.png/ff4444/ffffff,4/12/2023,9/28/2023,wforrestallc0,jledgewayc0
434,350,http://dummyimage.com/145x100.png/dddddd/000000,10/19/2023,1/31/2024,gtommasettic1,akilligrewc1
435,667,http://dummyimage.com/148x100.png/ff4444/ffffff,4/15/2023,1/28/2024,rfletcherc2,dgettensc2
436,85,http://dummyimage.com/137x100.png/ff4444/ffffff,2/15/2023,7/9/2023,cwillardc3,hhurticc3
437,290,http://dummyimage.com/101x100.png/5fa2dd/ffffff,9/4/2023,1/24/2024,gcalcuttc4,jgrubec4
438,194,http://dummyimage.com/184x100.png/cc0000/ffffff,11/15/2023,12/7/2023,wstempc5,lleutyc5
439,658,http://dummyimage.com/143x100.png/ff4444/ffffff,8/2/2023,8/29/2023,tconantc6,ehanmerc6
440,73,http://dummyimage.com/245x100.png/dddddd/000000,9/7/2023,12/9/2023,lilyinc7,pdaviddic7
441,855,http://dummyimage.com/173x100.png/5fa2dd/ffffff,3/27/2023,10/27/2023,getchellc8,iandryushinc8
442,360,http://dummyimage.com/217x100.png/5fa2dd/ffffff,3/22/2023,2/9/2023,fcarnalanc9,gguysc9
443,162,http://dummyimage.com/234x100.png/dddddd/000000,4/12/2023,11/9/2023,taeryca,mgresswellca
444,798,http://dummyimage.com/244x100.png/ff4444/ffffff,5/3/2023,6/16/2023,tskillencb,emalekcb
445,915,http://dummyimage.com/221x100.png/dddddd/000000,10/15/2023,8/27/2023,mbrissendencc,bkingtoncc
446,627,http://dummyimage.com/121x100.png/cc0000/ffffff,12/18/2023,11/29/2023,rmaaszecd,dpayecd
447,549,http://dummyimage.com/154x100.png/5fa2dd/ffffff,9/1/2023,12/21/2023,fmcguckence,ccaushce
448,46,http://dummyimage.com/238x100.png/ff4444/ffffff,5/25/2023,11/17/2023,jpaviercf,nspraberrycf
449,259,http://dummyimage.com/233x100.png/cc0000/ffffff,12/28/2023,4/18/2023,dwellbankcg,bbreretoncg
450,703,http://dummyimage.com/225x100.png/cc0000/ffffff,11/9/2023,10/6/2023,epanterch,bmeysch
451,166,http://dummyimage.com/192x100.png/5fa2dd/ffffff,5/31/2023,3/26/2023,lmcteggartci,mpennaccici
452,887,http://dummyimage.com/234x100.png/ff4444/ffffff,3/17/2023,4/6/2023,jsilvercj,wtschirschkycj
453,534,http://dummyimage.com/192x100.png/ff4444/ffffff,10/23/2023,9/28/2023,tkieltyck,ldiniscock
454,659,http://dummyimage.com/141x100.png/dddddd/000000,12/14/2023,7/22/2023,mfoleycl,ejiracekcl
455,322,http://dummyimage.com/122x100.png/dddddd/000000,12/11/2023,5/19/2023,gmichallatcm,jannicecm
456,937,http://dummyimage.com/104x100.png/ff4444/ffffff,2/8/2023,12/6/2023,rcurwencn,tvolettcn
457,114,http://dummyimage.com/244x100.png/dddddd/000000,6/9/2023,11/19/2023,ademezaco,cmcgeachyco
458,174,http://dummyimage.com/245x100.png/5fa2dd/ffffff,8/19/2023,6/21/2023,cogormleycp,espinozzicp
459,695,http://dummyimage.com/204x100.png/dddddd/000000,8/27/2023,10/26/2023,eraithcq,tsamscq
460,188,http://dummyimage.com/206x100.png/5fa2dd/ffffff,8/24/2023,12/14/2023,lizhakovcr,ksimoncinicr
461,883,http://dummyimage.com/168x100.png/ff4444/ffffff,11/3/2023,9/23/2023,froustcs,ballberrycs
462,750,http://dummyimage.com/135x100.png/cc0000/ffffff,12/27/2023,2/22/2023,gfincherct,agowdyct
463,554,http://dummyimage.com/234x100.png/ff4444/ffffff,5/26/2023,9/22/2023,fgrimwoodcu,aklampcu
464,994,http://dummyimage.com/221x100.png/5fa2dd/ffffff,8/22/2023,9/20/2023,kpullmancv,cvermacv
465,548,http://dummyimage.com/188x100.png/ff4444/ffffff,4/29/2023,2/14/2023,nbalaisoncw,lduerdencw
466,172,http://dummyimage.com/120x100.png/ff4444/ffffff,8/29/2023,7/15/2023,esmorthitcx,gisaqcx
467,239,http://dummyimage.com/114x100.png/5fa2dd/ffffff,6/23/2023,1/12/2024,celderfieldcy,cchanningcy
468,559,http://dummyimage.com/104x100.png/cc0000/ffffff,8/25/2023,12/29/2023,apoonecz,sbeamandcz
469,720,http://dummyimage.com/249x100.png/5fa2dd/ffffff,3/7/2023,1/7/2024,ohartind0,hkeemard0
470,680,http://dummyimage.com/117x100.png/cc0000/ffffff,4/18/2023,4/6/2023,joddad1,sheimsd1
471,8,http://dummyimage.com/246x100.png/cc0000/ffffff,7/15/2023,3/23/2023,tdaudrayd2,cchaikovskid2
472,953,http://dummyimage.com/185x100.png/ff4444/ffffff,1/10/2024,2/11/2023,gcollisond3,medlingd3
473,475,http://dummyimage.com/199x100.png/5fa2dd/ffffff,9/5/2023,2/5/2023,fpennickd4,treisenbergd4
474,710,http://dummyimage.com/204x100.png/dddddd/000000,12/21/2023,2/14/2023,rskatesd5,aportchd5
475,865,http://dummyimage.com/233x100.png/cc0000/ffffff,3/3/2023,8/8/2023,bjancd6,zbampkind6
476,628,http://dummyimage.com/191x100.png/cc0000/ffffff,3/29/2023,11/1/2023,nhurlld7,dwadged7
477,917,http://dummyimage.com/150x100.png/ff4444/ffffff,6/29/2023,9/10/2023,mmuffd8,afawbertd8
478,52,http://dummyimage.com/166x100.png/cc0000/ffffff,4/29/2023,12/25/2023,wcuseickd9,liglesiasd9
479,507,http://dummyimage.com/124x100.png/dddddd/000000,9/30/2023,8/8/2023,dbauckhamda,josheeda
480,388,http://dummyimage.com/152x100.png/dddddd/000000,9/17/2023,5/13/2023,craulindb,acordierdb
481,505,http://dummyimage.com/145x100.png/dddddd/000000,2/6/2023,1/10/2024,emitskevichdc,achastaingdc
482,692,http://dummyimage.com/153x100.png/5fa2dd/ffffff,1/28/2024,4/4/2023,carneydd,kcounselldd
483,746,http://dummyimage.com/196x100.png/5fa2dd/ffffff,10/15/2023,11/10/2023,rcoppockde,dbaudicde
484,837,http://dummyimage.com/142x100.png/dddddd/000000,2/19/2023,10/21/2023,ghenighandf,cmarteldf
485,935,http://dummyimage.com/158x100.png/dddddd/000000,6/25/2023,4/4/2023,zfashiondg,ndellortodg
486,802,http://dummyimage.com/146x100.png/dddddd/000000,12/23/2023,11/14/2023,dbrackenburydh,nhorderdh
487,224,http://dummyimage.com/132x100.png/cc0000/ffffff,7/30/2023,2/8/2023,nbygottdi,mrippendi
488,785,http://dummyimage.com/226x100.png/5fa2dd/ffffff,8/8/2023,9/27/2023,bthunnercliffdj,rbellinidj
489,232,http://dummyimage.com/214x100.png/5fa2dd/ffffff,1/23/2024,6/12/2023,jgregdk,tgoochdk
490,606,http://dummyimage.com/168x100.png/ff4444/ffffff,3/6/2023,12/17/2023,edupredl,rreadshalldl
491,913,http://dummyimage.com/206x100.png/dddddd/000000,7/20/2023,10/19/2023,lcastridm,voggerdm
492,888,http://dummyimage.com/130x100.png/ff4444/ffffff,9/27/2023,4/2/2023,ktrimmelldn,scollinwooddn
493,311,http://dummyimage.com/112x100.png/5fa2dd/ffffff,10/30/2023,6/23/2023,lrhubottomdo,mlavelldo
494,201,http://dummyimage.com/235x100.png/ff4444/ffffff,3/3/2023,4/11/2023,aduckerdp,akettemandp
495,456,http://dummyimage.com/100x100.png/cc0000/ffffff,8/15/2023,7/26/2023,egoggendq,bmcartdq
496,920,http://dummyimage.com/245x100.png/dddddd/000000,7/9/2023,6/26/2023,mgladwelldr,jiorizzodr
497,421,http://dummyimage.com/139x100.png/5fa2dd/ffffff,10/6/2023,8/24/2023,sbalaamds,dpuveds
498,105,http://dummyimage.com/105x100.png/5fa2dd/ffffff,10/20/2023,6/8/2023,lmacraedt,ihuchotdt
499,127,http://dummyimage.com/167x100.png/5fa2dd/ffffff,7/18/2023,1/7/2024,mbeniondu,ohebbsdu
500,724,http://dummyimage.com/186x100.png/5fa2dd/ffffff,11/25/2023,11/18/2023,bmeffandv,hgilfoyledv
501,975,http://dummyimage.com/167x100.png/dddddd/000000,10/19/2023,10/21/2023,jlethlaydw,gdunseithdw
502,961,http://dummyimage.com/243x100.png/cc0000/ffffff,5/19/2023,2/9/2023,odilleydx,frobeirodx
503,746,http://dummyimage.com/205x100.png/ff4444/ffffff,9/26/2023,5/6/2023,bleadbitterdy,mroddickdy
504,207,http://dummyimage.com/115x100.png/dddddd/000000,3/17/2023,4/14/2023,tdutsondz,sbrambilldz
505,476,http://dummyimage.com/231x100.png/dddddd/000000,10/13/2023,2/10/2023,aaldrene0,ifuzzarde0
506,51,http://dummyimage.com/219x100.png/cc0000/ffffff,4/16/2023,2/20/2023,aroddae1,codonnelle1
507,293,http://dummyimage.com/104x100.png/cc0000/ffffff,12/21/2023,11/5/2023,bderbye2,reveriste2
508,67,http://dummyimage.com/183x100.png/dddddd/000000,1/15/2024,12/29/2023,mgravenelle3,jhasneye3
509,241,http://dummyimage.com/235x100.png/cc0000/ffffff,4/26/2023,5/25/2023,sterne4,aheake4
510,509,http://dummyimage.com/172x100.png/5fa2dd/ffffff,1/1/2024,10/10/2023,tmcalroye5,hromeufe5
511,536,http://dummyimage.com/137x100.png/dddddd/000000,1/27/2024,2/19/2023,ggarrettse6,kchampionnete6
512,304,http://dummyimage.com/201x100.png/dddddd/000000,11/28/2023,1/19/2024,broyale7,lscroytone7
513,904,http://dummyimage.com/212x100.png/ff4444/ffffff,1/29/2024,11/13/2023,bdreyee8,awharine8
514,234,http://dummyimage.com/178x100.png/ff4444/ffffff,4/22/2023,6/7/2023,mleveye9,mgallante9
515,363,http://dummyimage.com/194x100.png/cc0000/ffffff,10/4/2023,4/12/2023,tpoynorea,dgregorattiea
516,390,http://dummyimage.com/197x100.png/cc0000/ffffff,5/7/2023,12/30/2023,khullockeb,ecompsoneb
517,774,http://dummyimage.com/142x100.png/dddddd/000000,11/26/2023,8/10/2023,mmcauliffeec,ngatsbyec
518,187,http://dummyimage.com/176x100.png/ff4444/ffffff,8/3/2023,4/30/2023,ljimsoned,bgeekieed
519,674,http://dummyimage.com/143x100.png/ff4444/ffffff,4/19/2023,10/9/2023,vmitkcovee,ddomaschkeee
520,343,http://dummyimage.com/102x100.png/ff4444/ffffff,12/13/2023,5/2/2023,ljentgesef,rfeatenbyef
521,25,http://dummyimage.com/174x100.png/5fa2dd/ffffff,12/12/2023,3/2/2023,ffeyeg,zkisbeyeg
522,408,http://dummyimage.com/163x100.png/5fa2dd/ffffff,2/12/2023,5/24/2023,ftruggianeh,hlambillioneh
523,222,http://dummyimage.com/185x100.png/5fa2dd/ffffff,4/9/2023,8/1/2023,lhandrekei,cbockingsei
524,823,http://dummyimage.com/116x100.png/dddddd/000000,5/3/2023,9/22/2023,ckivellej,pdionsettiej
525,411,http://dummyimage.com/170x100.png/ff4444/ffffff,2/22/2023,11/25/2023,adennisek,nparmbyek
526,734,http://dummyimage.com/150x100.png/dddddd/000000,7/23/2023,1/9/2024,hfeldmarkel,winmanel
527,694,http://dummyimage.com/238x100.png/ff4444/ffffff,12/6/2023,8/2/2023,elodyem,cpurchonem
528,404,http://dummyimage.com/249x100.png/cc0000/ffffff,11/20/2023,12/10/2023,gtarplyen,coshielen
529,932,http://dummyimage.com/171x100.png/5fa2dd/ffffff,12/17/2023,10/15/2023,hferbereo,etuckeo
530,392,http://dummyimage.com/194x100.png/5fa2dd/ffffff,8/29/2023,4/24/2023,sdaversep,ubadseyep
531,441,http://dummyimage.com/146x100.png/ff4444/ffffff,10/11/2023,4/26/2023,bmackellareq,frutledgeeq
532,337,http://dummyimage.com/182x100.png/ff4444/ffffff,2/21/2023,9/27/2023,cwinstoneer,wzinier
533,447,http://dummyimage.com/248x100.png/cc0000/ffffff,11/2/2023,5/20/2023,jloweres,tpershousees
534,736,http://dummyimage.com/188x100.png/5fa2dd/ffffff,5/24/2023,2/22/2023,nhaytoet,sbaughamet
535,819,http://dummyimage.com/182x100.png/cc0000/ffffff,2/4/2024,2/11/2023,rhentzelereu,ckeymareu
536,423,http://dummyimage.com/116x100.png/ff4444/ffffff,4/13/2023,5/15/2023,cbuskeev,ahawkyensev
537,832,http://dummyimage.com/103x100.png/cc0000/ffffff,4/26/2023,6/24/2023,achristallew,jjoaoew
538,573,http://dummyimage.com/225x100.png/dddddd/000000,2/26/2023,9/18/2023,jcotterrillex,clackieex
539,848,http://dummyimage.com/184x100.png/cc0000/ffffff,8/29/2023,11/22/2023,aringey,treimersey
540,623,http://dummyimage.com/196x100.png/5fa2dd/ffffff,10/29/2023,3/11/2023,dgreenrdeez,gfranzez
541,550,http://dummyimage.com/187x100.png/dddddd/000000,11/9/2023,4/6/2023,adelaguaf0,bayarsf0
542,691,http://dummyimage.com/127x100.png/ff4444/ffffff,11/10/2023,2/1/2024,cgisbournf1,mdurantef1
543,173,http://dummyimage.com/217x100.png/5fa2dd/ffffff,8/31/2023,11/24/2023,atromansf2,wstobbsf2
544,980,http://dummyimage.com/159x100.png/5fa2dd/ffffff,10/24/2023,2/21/2023,smobberleyf3,gbrometf3
545,698,http://dummyimage.com/250x100.png/5fa2dd/ffffff,5/29/2023,2/1/2024,jlilianf4,rpibornf4
546,802,http://dummyimage.com/128x100.png/cc0000/ffffff,11/9/2023,9/4/2023,sgurnayf5,rfalcusf5
547,803,http://dummyimage.com/122x100.png/ff4444/ffffff,3/30/2023,9/16/2023,fpohlkef6,rgligorif6
548,871,http://dummyimage.com/110x100.png/5fa2dd/ffffff,8/3/2023,12/9/2023,hlathayef7,econwellf7
549,458,http://dummyimage.com/201x100.png/ff4444/ffffff,8/3/2023,3/24/2023,mkellsf8,gmaddyf8
550,821,http://dummyimage.com/122x100.png/dddddd/000000,12/23/2023,8/4/2023,pbarsbyf9,gjewerf9
551,342,http://dummyimage.com/246x100.png/ff4444/ffffff,12/16/2023,4/20/2023,bfellgettfa,ddynefa
552,439,http://dummyimage.com/231x100.png/ff4444/ffffff,9/19/2023,3/17/2023,cglitherowfb,tstonefb
553,515,http://dummyimage.com/137x100.png/dddddd/000000,10/11/2023,10/9/2023,gduffusfc,afugefc
554,494,http://dummyimage.com/248x100.png/cc0000/ffffff,3/29/2023,2/18/2023,hmcgrathfd,dburehillfd
555,772,http://dummyimage.com/123x100.png/dddddd/000000,7/21/2023,10/24/2023,vlastyfe,odionisettife
556,703,http://dummyimage.com/157x100.png/ff4444/ffffff,2/12/2023,12/1/2023,bbulliventff,dworboysff
557,29,http://dummyimage.com/191x100.png/dddddd/000000,12/11/2023,9/30/2023,abordonefg,jsifflettfg
558,468,http://dummyimage.com/133x100.png/cc0000/ffffff,5/2/2023,2/21/2023,evasyunichevfh,jgrassettfh
559,329,http://dummyimage.com/183x100.png/dddddd/000000,12/18/2023,8/10/2023,ipechanfi,ubrimelowfi
560,288,http://dummyimage.com/104x100.png/dddddd/000000,1/28/2024,3/2/2023,skyberdfj,rriddingtonfj
561,727,http://dummyimage.com/117x100.png/cc0000/ffffff,1/23/2024,5/1/2023,msteventonfk,mferrerasfk
562,875,http://dummyimage.com/175x100.png/dddddd/000000,6/27/2023,3/10/2023,dnorthernfl,fmcgroutherfl
563,818,http://dummyimage.com/250x100.png/cc0000/ffffff,7/24/2023,8/27/2023,gwhitehallfm,dhewfm
564,80,http://dummyimage.com/242x100.png/dddddd/000000,4/10/2023,5/27/2023,pstigglesfn,khunnawillfn
565,863,http://dummyimage.com/228x100.png/ff4444/ffffff,6/29/2023,1/2/2024,astrutefo,mmixworthyfo
566,892,http://dummyimage.com/167x100.png/dddddd/000000,4/14/2023,3/25/2023,khellardfp,mbracherfp
567,85,http://dummyimage.com/231x100.png/dddddd/000000,6/3/2023,11/18/2023,jexpositofq,mgillionsfq
568,160,http://dummyimage.com/246x100.png/dddddd/000000,11/22/2023,8/31/2023,bmaccookfr,jstrowtherfr
569,423,http://dummyimage.com/146x100.png/ff4444/ffffff,4/5/2023,8/11/2023,killesfs,svasyushkhinfs
570,726,http://dummyimage.com/193x100.png/ff4444/ffffff,6/10/2023,3/4/2023,mkingescotft,iveneurft
571,609,http://dummyimage.com/166x100.png/ff4444/ffffff,7/28/2023,6/15/2023,mogilbyfu,hmalickifu
572,923,http://dummyimage.com/199x100.png/5fa2dd/ffffff,6/25/2023,7/10/2023,etroutfv,dikringillfv
573,544,http://dummyimage.com/180x100.png/dddddd/000000,5/19/2023,3/16/2023,slampetfw,akillingbeckfw
574,397,http://dummyimage.com/202x100.png/5fa2dd/ffffff,3/12/2023,8/5/2023,hbedofx,adaintithfx
575,515,http://dummyimage.com/221x100.png/5fa2dd/ffffff,1/1/2024,6/25/2023,breedmanfy,apymarfy
576,924,http://dummyimage.com/121x100.png/5fa2dd/ffffff,12/16/2023,9/15/2023,lweekesfz,bmumbrayfz
577,983,http://dummyimage.com/173x100.png/dddddd/000000,11/20/2023,9/7/2023,ctawg0,tciardog0
578,265,http://dummyimage.com/224x100.png/ff4444/ffffff,7/9/2023,10/12/2023,dlibbieg1,cpeddelg1
579,304,http://dummyimage.com/207x100.png/ff4444/ffffff,7/26/2023,9/22/2023,gchewg2,javerillg2
580,267,http://dummyimage.com/191x100.png/cc0000/ffffff,11/17/2023,4/10/2023,tlonieg3,critchleyg3
581,705,http://dummyimage.com/168x100.png/ff4444/ffffff,1/13/2024,5/4/2023,layerstg4,rcarnihang4
582,44,http://dummyimage.com/172x100.png/ff4444/ffffff,4/26/2023,8/26/2023,achominskig5,mgilleaseg5
583,442,http://dummyimage.com/201x100.png/dddddd/000000,6/5/2023,10/7/2023,rchumleyg6,yhischkeg6
584,756,http://dummyimage.com/218x100.png/cc0000/ffffff,8/22/2023,8/11/2023,bwoollonsg7,hhiscoeg7
585,301,http://dummyimage.com/205x100.png/5fa2dd/ffffff,8/19/2023,1/3/2024,jgiblettg8,nbattlestoneg8
586,967,http://dummyimage.com/101x100.png/dddddd/000000,4/13/2023,3/25/2023,kwestgarthg9,horuddeng9
587,297,http://dummyimage.com/175x100.png/5fa2dd/ffffff,7/20/2023,9/1/2023,ecrowtherga,nstapyltonga
588,707,http://dummyimage.com/203x100.png/5fa2dd/ffffff,6/23/2023,9/6/2023,elyokhingb,lalldaygb
589,787,http://dummyimage.com/216x100.png/ff4444/ffffff,6/21/2023,5/20/2023,ffarndongc,bwedgbrowgc
590,28,http://dummyimage.com/132x100.png/ff4444/ffffff,11/21/2023,6/1/2023,lwindlegd,marnautgd
591,922,http://dummyimage.com/124x100.png/5fa2dd/ffffff,3/1/2023,10/25/2023,jansillge,dchurchinge
592,555,http://dummyimage.com/200x100.png/5fa2dd/ffffff,3/7/2023,4/21/2023,hsmailegf,nmanstongf
593,977,http://dummyimage.com/209x100.png/dddddd/000000,9/18/2023,4/28/2023,ainworthgg,ngyngyllgg
594,740,http://dummyimage.com/145x100.png/5fa2dd/ffffff,9/19/2023,1/18/2024,mdebnamgh,ascuttergh
595,131,http://dummyimage.com/103x100.png/ff4444/ffffff,4/9/2023,11/16/2023,wmachingi,gfuchsgi
596,964,http://dummyimage.com/180x100.png/cc0000/ffffff,5/18/2023,2/23/2023,bdawidsohngj,kfrigoutgj
597,233,http://dummyimage.com/146x100.png/cc0000/ffffff,9/2/2023,11/21/2023,mporkergk,btattersdillgk
598,380,http://dummyimage.com/207x100.png/5fa2dd/ffffff,8/31/2023,6/15/2023,lguihengl,tpetrazzigl
599,385,http://dummyimage.com/160x100.png/cc0000/ffffff,8/3/2023,3/30/2023,fbaynongm,kclemotgm
600,222,http://dummyimage.com/236x100.png/5fa2dd/ffffff,9/12/2023,4/29/2023,ssimkovichgn,lfilliskirkgn
601,372,http://dummyimage.com/210x100.png/ff4444/ffffff,1/31/2024,3/17/2023,cledinghamgo,rmartiniego
602,336,http://dummyimage.com/209x100.png/dddddd/000000,11/29/2023,1/18/2024,lwillimottgp,aemmanuelegp
603,872,http://dummyimage.com/196x100.png/5fa2dd/ffffff,8/15/2023,7/31/2023,jaupolgq,sreadgq
604,806,http://dummyimage.com/131x100.png/cc0000/ffffff,6/17/2023,3/27/2023,coiliergr,qflellogr
605,195,http://dummyimage.com/200x100.png/ff4444/ffffff,8/8/2023,3/20/2023,asteadmangs,mlygogs
606,78,http://dummyimage.com/100x100.png/5fa2dd/ffffff,12/7/2023,8/10/2023,lperettgt,mhampegt
607,427,http://dummyimage.com/122x100.png/5fa2dd/ffffff,5/17/2023,1/19/2024,dgribbinsgu,mheartgu
608,482,http://dummyimage.com/222x100.png/5fa2dd/ffffff,10/27/2023,4/14/2023,fbrosettigv,zblackiegv
609,461,http://dummyimage.com/122x100.png/5fa2dd/ffffff,12/13/2023,3/7/2023,vemblemgw,yalejandrogw
610,503,http://dummyimage.com/218x100.png/cc0000/ffffff,8/4/2023,10/22/2023,kfreethgx,rluffmangx
611,858,http://dummyimage.com/126x100.png/5fa2dd/ffffff,4/9/2023,5/3/2023,gcasarinigy,rduckgy
612,129,http://dummyimage.com/138x100.png/5fa2dd/ffffff,1/18/2024,9/25/2023,fquaregz,kjanoschekgz
613,139,http://dummyimage.com/212x100.png/dddddd/000000,7/14/2023,4/29/2023,mvalentih0,ogirardeauh0
614,626,http://dummyimage.com/140x100.png/dddddd/000000,5/13/2023,6/1/2023,mmoyneh1,kwardsh1
615,991,http://dummyimage.com/156x100.png/cc0000/ffffff,10/15/2023,5/16/2023,gbiasottih2,ecallacherh2
616,659,http://dummyimage.com/103x100.png/dddddd/000000,10/9/2023,1/17/2024,aabrahamovitzh3,klabordeh3
617,124,http://dummyimage.com/216x100.png/ff4444/ffffff,3/9/2023,7/14/2023,apattisonh4,abeafordh4
618,62,http://dummyimage.com/118x100.png/dddddd/000000,9/28/2023,4/27/2023,jberisfordh5,hrhymeh5
619,152,http://dummyimage.com/244x100.png/dddddd/000000,10/1/2023,1/3/2024,ddukeh6,fmansbridgeh6
620,38,http://dummyimage.com/109x100.png/ff4444/ffffff,3/4/2023,12/19/2023,tiacovoloh7,llaysonh7
621,807,http://dummyimage.com/217x100.png/5fa2dd/ffffff,6/24/2023,5/6/2023,hheustaceh8,fdegliabbatih8
622,369,http://dummyimage.com/247x100.png/ff4444/ffffff,8/10/2023,8/18/2023,cherriesh9,akehoeh9
623,732,http://dummyimage.com/131x100.png/ff4444/ffffff,10/9/2023,7/24/2023,hfaichneyha,dcoiteha
624,788,http://dummyimage.com/172x100.png/5fa2dd/ffffff,4/7/2023,7/22/2023,rbagenalhb,cthicketthb
625,636,http://dummyimage.com/128x100.png/ff4444/ffffff,2/10/2023,2/9/2023,aburstowehc,twarrinerhc
626,566,http://dummyimage.com/217x100.png/cc0000/ffffff,12/18/2023,5/17/2023,eshepperdhd,hmandrierhd
627,740,http://dummyimage.com/187x100.png/cc0000/ffffff,8/20/2023,9/28/2023,fcullinanehe,dportailhe
628,438,http://dummyimage.com/205x100.png/dddddd/000000,7/10/2023,10/9/2023,klotheanhf,bhogsdenhf
629,324,http://dummyimage.com/124x100.png/5fa2dd/ffffff,2/5/2023,7/23/2023,mhorleyhg,afahertyhg
630,13,http://dummyimage.com/121x100.png/ff4444/ffffff,11/25/2023,10/17/2023,jcuffleyhh,bmcilvennahh
631,578,http://dummyimage.com/209x100.png/5fa2dd/ffffff,7/29/2023,5/30/2023,kvasilikhi,avernhi
632,680,http://dummyimage.com/162x100.png/ff4444/ffffff,10/24/2023,2/10/2023,dcasierohj,sdudmeshhj
633,104,http://dummyimage.com/139x100.png/5fa2dd/ffffff,10/22/2023,5/25/2023,aputterillhk,bzmitrichenkohk
634,464,http://dummyimage.com/115x100.png/5fa2dd/ffffff,7/20/2023,11/23/2023,adeneshl,dskerratthl
635,413,http://dummyimage.com/105x100.png/5fa2dd/ffffff,10/28/2023,12/4/2023,rlupartohm,hgeckhm
636,736,http://dummyimage.com/128x100.png/dddddd/000000,1/6/2024,9/20/2023,mhagstonhn,otamblingsonhn
637,353,http://dummyimage.com/101x100.png/cc0000/ffffff,5/18/2023,8/20/2023,smanilowho,mrexho
638,119,http://dummyimage.com/135x100.png/cc0000/ffffff,9/4/2023,1/11/2024,kmealiffehp,bcallfhp
639,981,http://dummyimage.com/115x100.png/5fa2dd/ffffff,6/15/2023,6/22/2023,dgortonhq,rhallbordhq
640,239,http://dummyimage.com/202x100.png/ff4444/ffffff,5/27/2023,4/6/2023,oforshawhr,aworsamhr
641,711,http://dummyimage.com/142x100.png/dddddd/000000,8/27/2023,10/18/2023,dtownendhs,ghuonichs
642,720,http://dummyimage.com/144x100.png/ff4444/ffffff,11/6/2023,5/7/2023,nphythianht,nsireyht
643,105,http://dummyimage.com/100x100.png/cc0000/ffffff,7/14/2023,5/10/2023,kknoblehu,lshillumhu
644,743,http://dummyimage.com/108x100.png/ff4444/ffffff,3/20/2023,11/22/2023,olandsboroughhv,gghelerdinihv
645,609,http://dummyimage.com/190x100.png/dddddd/000000,3/4/2023,2/16/2023,aaxonhw,tbolstridgehw
646,778,http://dummyimage.com/181x100.png/ff4444/ffffff,10/12/2023,8/16/2023,krainhx,tveaseyhx
647,346,http://dummyimage.com/205x100.png/5fa2dd/ffffff,8/21/2023,9/6/2023,elillgardhy,ikermodehy
648,915,http://dummyimage.com/109x100.png/dddddd/000000,10/27/2023,9/21/2023,taslinhz,gesseryhz
649,668,http://dummyimage.com/153x100.png/ff4444/ffffff,3/15/2023,5/17/2023,ahargi0,ggrenehami0
650,634,http://dummyimage.com/241x100.png/cc0000/ffffff,3/25/2023,2/28/2023,ccorderoyi1,cbourgeoisi1
651,335,http://dummyimage.com/155x100.png/cc0000/ffffff,2/26/2023,11/4/2023,mbiermani2,jworsnupi2
652,472,http://dummyimage.com/250x100.png/5fa2dd/ffffff,10/14/2023,11/7/2023,rmcwhinniei3,ibeedhami3
653,831,http://dummyimage.com/146x100.png/dddddd/000000,3/23/2023,4/24/2023,bbrighousei4,wnorcutti4
654,257,http://dummyimage.com/234x100.png/cc0000/ffffff,4/19/2023,10/27/2023,swaddamsi5,tmallabyi5
655,634,http://dummyimage.com/208x100.png/dddddd/000000,1/24/2024,2/4/2024,cwitcombi6,kmarrineri6
656,156,http://dummyimage.com/145x100.png/5fa2dd/ffffff,2/24/2023,4/19/2023,kgeeri7,bcardenosai7
657,436,http://dummyimage.com/194x100.png/5fa2dd/ffffff,3/3/2023,8/4/2023,hleithi8,ddiglei8
658,741,http://dummyimage.com/126x100.png/dddddd/000000,5/16/2023,2/21/2023,rwhatlingi9,edougheri9
659,529,http://dummyimage.com/223x100.png/dddddd/000000,2/12/2023,12/24/2023,mgironia,hotteryia
660,956,http://dummyimage.com/243x100.png/5fa2dd/ffffff,5/19/2023,1/7/2024,tczajaib,sbeckleyib
661,157,http://dummyimage.com/185x100.png/ff4444/ffffff,6/25/2023,4/10/2023,lrobillardic,ccloutic
662,312,http://dummyimage.com/126x100.png/cc0000/ffffff,6/22/2023,4/29/2023,iconnellid,pogbourneid
663,970,http://dummyimage.com/146x100.png/cc0000/ffffff,3/8/2023,3/26/2023,pmathissenie,cjewsonie
664,580,http://dummyimage.com/235x100.png/dddddd/000000,3/12/2023,2/2/2024,mmiddleif,gbergeonif
665,688,http://dummyimage.com/193x100.png/cc0000/ffffff,9/30/2023,2/12/2023,dheiningig,cruprechterig
666,458,http://dummyimage.com/224x100.png/cc0000/ffffff,6/25/2023,10/24/2023,pbuddleih,gwicksonih
667,578,http://dummyimage.com/138x100.png/dddddd/000000,10/16/2023,10/31/2023,csteedii,lwestoffii
668,647,http://dummyimage.com/182x100.png/ff4444/ffffff,8/13/2023,11/21/2023,mmcilennaij,hburhouseij
669,486,http://dummyimage.com/213x100.png/5fa2dd/ffffff,10/23/2023,12/26/2023,alubyik,btrunbyik
670,910,http://dummyimage.com/131x100.png/ff4444/ffffff,7/30/2023,11/25/2023,okubalail,estyleil
671,434,http://dummyimage.com/223x100.png/dddddd/000000,1/12/2024,6/18/2023,zmoteim,jpitmanim
672,884,http://dummyimage.com/147x100.png/cc0000/ffffff,8/25/2023,9/28/2023,cfeldonin,vsyvretin
673,903,http://dummyimage.com/204x100.png/cc0000/ffffff,4/17/2023,12/20/2023,dbanbrickio,hminthorpeio
674,511,http://dummyimage.com/129x100.png/cc0000/ffffff,12/23/2023,2/6/2023,mflintip,sclearyip
675,435,http://dummyimage.com/226x100.png/ff4444/ffffff,5/13/2023,9/29/2023,vmitchamiq,kpauteiq
676,708,http://dummyimage.com/139x100.png/dddddd/000000,10/26/2023,1/22/2024,evialir,smissingtonir
677,294,http://dummyimage.com/101x100.png/dddddd/000000,11/22/2023,6/7/2023,aomoylanis,cdumphreysis
678,570,http://dummyimage.com/223x100.png/cc0000/ffffff,8/24/2023,5/8/2023,vmoulsterit,tumfreyit
679,118,http://dummyimage.com/165x100.png/cc0000/ffffff,4/24/2023,1/1/2024,nciseciu,tlevaneiu
680,766,http://dummyimage.com/179x100.png/dddddd/000000,1/2/2024,12/29/2023,cleavesiv,atemlettiv
681,467,http://dummyimage.com/161x100.png/ff4444/ffffff,2/21/2023,1/28/2024,bnealeiw,ehurtiw
682,152,http://dummyimage.com/114x100.png/cc0000/ffffff,10/9/2023,1/26/2024,bwathellix,ballsobrookix
683,838,http://dummyimage.com/194x100.png/cc0000/ffffff,2/8/2023,8/2/2023,ekubachiy,woshirineiy
684,774,http://dummyimage.com/209x100.png/ff4444/ffffff,11/25/2023,4/16/2023,ndenchiz,tmacconaghyiz
685,832,http://dummyimage.com/113x100.png/ff4444/ffffff,8/19/2023,5/13/2023,ofratczakj0,gfarrahj0
686,507,http://dummyimage.com/112x100.png/ff4444/ffffff,4/5/2023,3/20/2023,dmcfaddenj1,chounsonj1
687,467,http://dummyimage.com/235x100.png/dddddd/000000,11/26/2023,1/2/2024,fpauligj2,rrosparsj2
688,546,http://dummyimage.com/211x100.png/5fa2dd/ffffff,12/8/2023,10/9/2023,ahandscombj3,cgaskingj3
689,24,http://dummyimage.com/147x100.png/dddddd/000000,1/13/2024,1/27/2024,pmannaj4,serwinj4
690,313,http://dummyimage.com/166x100.png/cc0000/ffffff,7/25/2023,2/11/2023,mfouldsj5,dfloyedj5
691,153,http://dummyimage.com/162x100.png/dddddd/000000,5/5/2023,1/28/2024,dsutherdenj6,muppettj6
692,223,http://dummyimage.com/108x100.png/5fa2dd/ffffff,5/7/2023,9/14/2023,mwarinj7,nhowsanj7
693,578,http://dummyimage.com/119x100.png/5fa2dd/ffffff,3/15/2023,4/20/2023,lipwellj8,oitzkovwitchj8
694,99,http://dummyimage.com/237x100.png/ff4444/ffffff,7/6/2023,10/27/2023,dwestmancoatj9,jromeraj9
695,234,http://dummyimage.com/219x100.png/dddddd/000000,9/19/2023,1/8/2024,dlawsja,lbraidmanja
696,674,http://dummyimage.com/124x100.png/dddddd/000000,3/3/2023,2/1/2024,tkitcatjb,bguerinjb
697,633,http://dummyimage.com/221x100.png/cc0000/ffffff,6/7/2023,7/4/2023,emacneiljc,cnattrassjc
698,92,http://dummyimage.com/149x100.png/dddddd/000000,8/15/2023,11/30/2023,shurseyjd,jterrisjd
699,690,http://dummyimage.com/138x100.png/ff4444/ffffff,4/25/2023,2/16/2023,cazemaje,kvanstoneje
700,250,http://dummyimage.com/203x100.png/ff4444/ffffff,8/27/2023,2/12/2023,ascholardjf,wedlinjf
701,869,http://dummyimage.com/228x100.png/5fa2dd/ffffff,11/29/2023,4/1/2023,ccolumbelljg,oanespiejg
702,559,http://dummyimage.com/174x100.png/ff4444/ffffff,6/13/2023,12/15/2023,wambrozikjh,dovertonjh
703,583,http://dummyimage.com/126x100.png/cc0000/ffffff,4/6/2023,4/23/2023,gmalinsji,rtrudgionji
704,700,http://dummyimage.com/243x100.png/cc0000/ffffff,1/4/2024,3/29/2023,mwallentinjj,jsivilljj
705,614,http://dummyimage.com/185x100.png/ff4444/ffffff,8/18/2023,1/25/2024,gboydonjk,lparadinejk
706,702,http://dummyimage.com/212x100.png/ff4444/ffffff,10/11/2023,2/27/2023,gbuffeyjl,afullertonjl
707,998,http://dummyimage.com/145x100.png/cc0000/ffffff,4/8/2023,9/7/2023,lnajarajm,cgiacovellijm
708,405,http://dummyimage.com/248x100.png/cc0000/ffffff,10/7/2023,8/8/2023,ebalogjn,gkibblejn
709,458,http://dummyimage.com/202x100.png/dddddd/000000,9/11/2023,4/29/2023,dheminsleyjo,bdismanjo
710,468,http://dummyimage.com/131x100.png/ff4444/ffffff,11/6/2023,9/9/2023,gmasseojp,rboolsenjp
711,746,http://dummyimage.com/196x100.png/dddddd/000000,8/25/2023,11/25/2023,vtupmanjq,atretheweyjq
712,770,http://dummyimage.com/249x100.png/cc0000/ffffff,1/26/2024,2/2/2024,hriguardjr,ejansikjr
713,673,http://dummyimage.com/104x100.png/cc0000/ffffff,10/28/2023,4/17/2023,dlipyeatjs,lrotlaufjs
714,176,http://dummyimage.com/102x100.png/ff4444/ffffff,4/25/2023,10/4/2023,omaginotjt,gwinderjt
715,921,http://dummyimage.com/209x100.png/cc0000/ffffff,9/19/2023,2/12/2023,wsearju,kgossonju
716,722,http://dummyimage.com/177x100.png/cc0000/ffffff,1/21/2024,6/4/2023,bmendoncajv,chollibonejv
717,75,http://dummyimage.com/241x100.png/5fa2dd/ffffff,12/30/2023,10/21/2023,askepperjw,dfidgeonjw
718,570,http://dummyimage.com/158x100.png/cc0000/ffffff,8/14/2023,9/20/2023,tdewerkjx,jtassakerjx
719,672,http://dummyimage.com/248x100.png/5fa2dd/ffffff,10/24/2023,2/14/2023,djeffersjy,oyakubovjy
720,980,http://dummyimage.com/128x100.png/cc0000/ffffff,11/7/2023,4/29/2023,vmcevonjz,stinceyjz
721,786,http://dummyimage.com/105x100.png/cc0000/ffffff,5/27/2023,6/3/2023,gsermank0,ghabronk0
722,943,http://dummyimage.com/249x100.png/cc0000/ffffff,11/30/2023,4/2/2023,hmcglonek1,gkattek1
723,888,http://dummyimage.com/121x100.png/ff4444/ffffff,11/5/2023,12/2/2023,psweeneyk2,mduquesnayk2
724,367,http://dummyimage.com/229x100.png/ff4444/ffffff,1/28/2024,7/27/2023,rmcanenyk3,wscracek3
725,27,http://dummyimage.com/237x100.png/ff4444/ffffff,3/19/2023,6/13/2023,jfackneyk4,jdawidowitschk4
726,131,http://dummyimage.com/238x100.png/cc0000/ffffff,2/26/2023,6/6/2023,emarriank5,wsauvagek5
727,408,http://dummyimage.com/243x100.png/cc0000/ffffff,4/30/2023,2/9/2023,abeinischk6,tkleinpeltzk6
728,843,http://dummyimage.com/133x100.png/dddddd/000000,4/5/2023,9/3/2023,ltilliardsk7,srobkenk7
729,730,http://dummyimage.com/110x100.png/cc0000/ffffff,4/2/2023,12/19/2023,cawcockk8,bskoatek8
730,870,http://dummyimage.com/221x100.png/dddddd/000000,1/3/2024,7/13/2023,dmcelanek9,jmaaszek9
731,510,http://dummyimage.com/232x100.png/5fa2dd/ffffff,8/12/2023,6/3/2023,apichefordka,ghapperka
732,835,http://dummyimage.com/237x100.png/cc0000/ffffff,11/24/2023,9/21/2023,mdeningtonkb,jingrahamkb
733,944,http://dummyimage.com/212x100.png/ff4444/ffffff,9/8/2023,5/16/2023,reastupkc,ocouthkc
734,521,http://dummyimage.com/107x100.png/cc0000/ffffff,2/28/2023,7/11/2023,sgrisleykd,bamnerkd
735,453,http://dummyimage.com/136x100.png/cc0000/ffffff,3/6/2023,11/10/2023,kgeeke,bakredke
736,373,http://dummyimage.com/125x100.png/ff4444/ffffff,4/13/2023,10/19/2023,aoverstreetkf,trockinghamkf
737,397,http://dummyimage.com/104x100.png/dddddd/000000,1/10/2024,7/8/2023,gpinkekg,ncursonkg
738,652,http://dummyimage.com/225x100.png/ff4444/ffffff,7/26/2023,8/25/2023,ophillipsonkh,diffekh
739,899,http://dummyimage.com/157x100.png/cc0000/ffffff,3/15/2023,10/5/2023,tbridatki,khixsonki
740,374,http://dummyimage.com/238x100.png/ff4444/ffffff,12/26/2023,9/22/2023,ghagstonkj,tparamorkj
741,986,http://dummyimage.com/224x100.png/5fa2dd/ffffff,6/7/2023,10/9/2023,rvinkerkk,elaugheranekk
742,159,http://dummyimage.com/124x100.png/ff4444/ffffff,8/14/2023,5/23/2023,gklosgeskl,bjanousekkl
743,984,http://dummyimage.com/223x100.png/5fa2dd/ffffff,12/9/2023,8/12/2023,dalderwickkm,achorltonkm
744,371,http://dummyimage.com/143x100.png/5fa2dd/ffffff,4/19/2023,2/1/2024,dmoylankn,nhaitliekn
745,133,http://dummyimage.com/233x100.png/ff4444/ffffff,8/23/2023,9/2/2023,nneedko,aplumbridgeko
746,867,http://dummyimage.com/188x100.png/dddddd/000000,1/24/2024,3/30/2023,sterbrugkp,nslidekp
747,131,http://dummyimage.com/132x100.png/cc0000/ffffff,10/23/2023,7/31/2023,mtycekq,hcheaterkq
748,243,http://dummyimage.com/234x100.png/ff4444/ffffff,7/11/2023,2/15/2023,escholtiskr,apottagekr
749,413,http://dummyimage.com/113x100.png/ff4444/ffffff,5/17/2023,4/13/2023,jpinshonks,rorringks
750,824,http://dummyimage.com/168x100.png/cc0000/ffffff,4/1/2023,11/21/2023,jkestevenkt,nredhousekt
751,607,http://dummyimage.com/160x100.png/cc0000/ffffff,12/31/2023,6/29/2023,adanglku,gstempeku
752,443,http://dummyimage.com/157x100.png/ff4444/ffffff,4/1/2023,3/5/2023,fsinekv,gfaggkv
753,239,http://dummyimage.com/154x100.png/5fa2dd/ffffff,6/6/2023,7/27/2023,bfitteskw,cdimitrioukw
754,475,http://dummyimage.com/130x100.png/ff4444/ffffff,11/2/2023,3/7/2023,tegintonkx,dtripettkx
755,393,http://dummyimage.com/136x100.png/dddddd/000000,3/11/2023,4/16/2023,fportky,hguerraky
756,51,http://dummyimage.com/110x100.png/ff4444/ffffff,7/19/2023,5/18/2023,ffosserdkz,elortzkz
757,307,http://dummyimage.com/166x100.png/5fa2dd/ffffff,2/10/2023,7/9/2023,jsoanel0,dcobbledickl0
758,774,http://dummyimage.com/204x100.png/dddddd/000000,1/20/2024,12/11/2023,coganl1,cfilipiakl1
759,501,http://dummyimage.com/240x100.png/cc0000/ffffff,10/18/2023,1/21/2024,cgulkl2,bpresnelll2
760,159,http://dummyimage.com/249x100.png/5fa2dd/ffffff,2/27/2023,8/29/2023,pmathiasenl3,cantuonil3
761,380,http://dummyimage.com/165x100.png/dddddd/000000,3/8/2023,2/12/2023,grockhalll4,tgerratyl4
762,339,http://dummyimage.com/227x100.png/ff4444/ffffff,3/23/2023,10/12/2023,cmeasorl5,amcsporrinl5
763,50,http://dummyimage.com/103x100.png/cc0000/ffffff,6/9/2023,6/29/2023,lmathetl6,lspencleyl6
764,459,http://dummyimage.com/185x100.png/ff4444/ffffff,3/3/2023,2/19/2023,bbowldl7,gheinrichl7
765,72,http://dummyimage.com/219x100.png/ff4444/ffffff,10/27/2023,11/5/2023,tbonifaziol8,abealsl8
766,568,http://dummyimage.com/175x100.png/5fa2dd/ffffff,11/21/2023,10/11/2023,mscutterl9,cmethringhaml9
767,680,http://dummyimage.com/198x100.png/5fa2dd/ffffff,8/1/2023,7/6/2023,wboijla,ltewkesberryla
768,857,http://dummyimage.com/166x100.png/5fa2dd/ffffff,2/25/2023,2/6/2023,mrodgerslb,obearcroftlb
769,943,http://dummyimage.com/126x100.png/dddddd/000000,12/1/2023,6/18/2023,sbaskeyfieldlc,jlytllelc
770,934,http://dummyimage.com/111x100.png/dddddd/000000,6/2/2023,12/22/2023,lsaiceld,ebassomld
771,37,http://dummyimage.com/214x100.png/dddddd/000000,7/28/2023,9/3/2023,btolmanle,hloveittle
772,610,http://dummyimage.com/136x100.png/ff4444/ffffff,7/15/2023,10/14/2023,anibleylf,rcarmontlf
773,542,http://dummyimage.com/233x100.png/ff4444/ffffff,10/7/2023,3/14/2023,gleacocklg,cbethamlg
774,525,http://dummyimage.com/101x100.png/ff4444/ffffff,8/28/2023,2/24/2023,nmckielh,rreidshawlh
775,710,http://dummyimage.com/184x100.png/cc0000/ffffff,4/3/2023,8/20/2023,garguileli,sabsolemli
776,593,http://dummyimage.com/200x100.png/cc0000/ffffff,1/28/2024,8/3/2023,tguerrerolj,dciannilj
777,760,http://dummyimage.com/119x100.png/cc0000/ffffff,10/17/2023,4/24/2023,lpattonlk,efirbylk
778,478,http://dummyimage.com/148x100.png/dddddd/000000,4/5/2023,1/10/2024,dsaladinll,krowlettll
779,983,http://dummyimage.com/145x100.png/5fa2dd/ffffff,3/10/2023,10/29/2023,holcotlm,klonglm
780,658,http://dummyimage.com/173x100.png/dddddd/000000,10/15/2023,6/17/2023,acockrellln,dgrimsdykeln
781,121,http://dummyimage.com/183x100.png/dddddd/000000,10/28/2023,12/16/2023,ddownlo,bshellardlo
782,605,http://dummyimage.com/178x100.png/cc0000/ffffff,1/30/2024,6/5/2023,cchristensenlp,sleyrelp
783,744,http://dummyimage.com/124x100.png/dddddd/000000,12/28/2023,12/5/2023,cmoncrieffelq,ddelmagelq
784,133,http://dummyimage.com/137x100.png/dddddd/000000,6/8/2023,10/15/2023,eluetkemeyerlr,ielvylr
785,324,http://dummyimage.com/248x100.png/cc0000/ffffff,6/28/2023,4/11/2023,scornellls,awarwickls
786,839,http://dummyimage.com/184x100.png/dddddd/000000,12/19/2023,2/2/2024,pmaharrylt,sadamilt
787,668,http://dummyimage.com/160x100.png/cc0000/ffffff,5/17/2023,9/22/2023,droglierilu,mrobbertslu
788,747,http://dummyimage.com/130x100.png/cc0000/ffffff,11/18/2023,6/30/2023,sharringtonlv,pcosbylv
789,581,http://dummyimage.com/175x100.png/ff4444/ffffff,3/4/2023,8/29/2023,lcuerdalw,cwallingtonlw
790,146,http://dummyimage.com/126x100.png/dddddd/000000,5/27/2023,5/11/2023,nbuielx,nruddinlx
791,236,http://dummyimage.com/194x100.png/dddddd/000000,8/6/2023,12/29/2023,cmonkly,fraffonly
792,426,http://dummyimage.com/182x100.png/ff4444/ffffff,7/2/2023,7/28/2023,vquittondenlz,abahdelz
793,41,http://dummyimage.com/233x100.png/5fa2dd/ffffff,8/5/2023,4/25/2023,hgirardm0,salmondm0
794,18,http://dummyimage.com/174x100.png/cc0000/ffffff,8/1/2023,1/30/2024,gdanbym1,bbarthelmesm1
795,107,http://dummyimage.com/136x100.png/dddddd/000000,4/28/2023,9/19/2023,lmitchensonm2,vsitfordm2
796,713,http://dummyimage.com/244x100.png/ff4444/ffffff,10/24/2023,11/24/2023,pkenderdinem3,mmoradm3
797,709,http://dummyimage.com/113x100.png/dddddd/000000,7/19/2023,9/25/2023,dmanjinm4,hdeversm4
798,773,http://dummyimage.com/147x100.png/5fa2dd/ffffff,6/9/2023,6/5/2023,jpendlentonm5,ttessymanm5
799,572,http://dummyimage.com/103x100.png/cc0000/ffffff,3/5/2023,5/19/2023,hcolleckm6,maldaym6
800,125,http://dummyimage.com/159x100.png/dddddd/000000,11/12/2023,3/27/2023,lsruttonm7,bhinckesmanm7
801,962,http://dummyimage.com/160x100.png/ff4444/ffffff,12/21/2023,7/18/2023,tantoniettim8,pdarellm8
802,587,http://dummyimage.com/183x100.png/ff4444/ffffff,7/31/2023,5/17/2023,csugarm9,ajannaschm9
803,334,http://dummyimage.com/111x100.png/5fa2dd/ffffff,2/17/2023,10/10/2023,nheynenma,astormesma
804,630,http://dummyimage.com/130x100.png/ff4444/ffffff,3/4/2023,12/31/2023,mgyorgymb,bconisbeemb
805,899,http://dummyimage.com/222x100.png/ff4444/ffffff,5/5/2023,11/15/2023,ahazelgrovemc,mhugettmc
806,649,http://dummyimage.com/226x100.png/ff4444/ffffff,1/1/2024,3/18/2023,cthrowermd,gbasinigazzimd
807,285,http://dummyimage.com/229x100.png/ff4444/ffffff,6/17/2023,9/11/2023,sbrigstockme,ditzchakime
808,949,http://dummyimage.com/204x100.png/cc0000/ffffff,3/20/2023,1/20/2024,cstilliardmf,amacshirriemf
809,125,http://dummyimage.com/201x100.png/cc0000/ffffff,10/31/2023,10/21/2023,fnevinsmg,jironsmg
810,535,http://dummyimage.com/198x100.png/dddddd/000000,2/16/2023,9/27/2023,vtimberlakemh,mpothergillmh
811,372,http://dummyimage.com/185x100.png/dddddd/000000,6/8/2023,12/21/2023,avercruyssemi,ddoxseymi
812,112,http://dummyimage.com/204x100.png/5fa2dd/ffffff,10/17/2023,6/10/2023,mflannmj,ckevernmj
813,323,http://dummyimage.com/238x100.png/dddddd/000000,9/2/2023,7/19/2023,ydibollmk,jsharrocksmk
814,594,http://dummyimage.com/168x100.png/ff4444/ffffff,3/12/2023,7/28/2023,dcastiglioneml,stichelaarml
815,184,http://dummyimage.com/198x100.png/cc0000/ffffff,10/17/2023,10/17/2023,kguidimm,sbattabeemm
816,682,http://dummyimage.com/147x100.png/cc0000/ffffff,10/3/2023,3/7/2023,smartinyukmn,jbembridgemn
817,988,http://dummyimage.com/241x100.png/dddddd/000000,9/23/2023,6/10/2023,bstentifordmo,kjudsonmo
818,140,http://dummyimage.com/210x100.png/cc0000/ffffff,7/4/2023,6/7/2023,scullinanemp,gwabersinkemp
819,25,http://dummyimage.com/173x100.png/cc0000/ffffff,2/9/2023,3/18/2023,mjouannotmq,tginleymq
820,84,http://dummyimage.com/146x100.png/cc0000/ffffff,9/4/2023,12/18/2023,castmr,sfurlowmr
821,345,http://dummyimage.com/137x100.png/cc0000/ffffff,7/30/2023,7/15/2023,lcoyems,zweaversms
822,816,http://dummyimage.com/189x100.png/cc0000/ffffff,7/24/2023,1/13/2024,bmarlonmt,klindblommt
823,452,http://dummyimage.com/219x100.png/5fa2dd/ffffff,2/21/2023,7/4/2023,abreartonmu,otansermu
824,45,http://dummyimage.com/152x100.png/5fa2dd/ffffff,3/31/2023,8/28/2023,afullegarmv,dlongridgemv
825,953,http://dummyimage.com/161x100.png/5fa2dd/ffffff,9/1/2023,8/19/2023,ilindenmanmw,ejansemamw
826,548,http://dummyimage.com/228x100.png/dddddd/000000,11/29/2023,11/25/2023,dcafferymx,lchekemx
827,404,http://dummyimage.com/241x100.png/dddddd/000000,1/21/2024,8/5/2023,sseidmy,wkelsonmy
828,271,http://dummyimage.com/170x100.png/5fa2dd/ffffff,6/22/2023,11/26/2023,warchellmz,tsargersonmz
829,174,http://dummyimage.com/186x100.png/ff4444/ffffff,9/26/2023,10/6/2023,clockyearn0,hrushen0
830,160,http://dummyimage.com/200x100.png/dddddd/000000,9/24/2023,7/13/2023,dhousiauxn1,hleinwebern1
831,697,http://dummyimage.com/101x100.png/dddddd/000000,5/18/2023,9/28/2023,eweblinn2,amacmickann2
832,466,http://dummyimage.com/207x100.png/dddddd/000000,3/14/2023,1/22/2024,tcockshottn3,hwigfieldn3
833,673,http://dummyimage.com/198x100.png/dddddd/000000,10/13/2023,5/13/2023,ttwidalen4,rsommern4
834,233,http://dummyimage.com/247x100.png/5fa2dd/ffffff,1/22/2024,4/24/2023,creburnn5,cgrisbrookn5
835,746,http://dummyimage.com/221x100.png/dddddd/000000,9/22/2023,3/11/2023,omoarn6,lgrishelyovn6
836,276,http://dummyimage.com/140x100.png/5fa2dd/ffffff,9/18/2023,11/30/2023,lswynleyn7,bhendricksn7
837,180,http://dummyimage.com/121x100.png/5fa2dd/ffffff,2/16/2023,3/2/2023,dclementin8,jwillingalen8
838,669,http://dummyimage.com/182x100.png/5fa2dd/ffffff,11/28/2023,6/7/2023,cboaten9,bromanellin9
839,959,http://dummyimage.com/128x100.png/cc0000/ffffff,9/30/2023,4/24/2023,hcandyna,wdartonna
840,707,http://dummyimage.com/110x100.png/5fa2dd/ffffff,4/26/2023,11/27/2023,clanchberynb,esisleynb
841,728,http://dummyimage.com/177x100.png/5fa2dd/ffffff,5/27/2023,12/20/2023,scarefullnc,mfurnivalnc
842,251,http://dummyimage.com/200x100.png/dddddd/000000,8/5/2023,3/21/2023,erichardesnd,bpressdeend
843,495,http://dummyimage.com/105x100.png/cc0000/ffffff,4/13/2023,12/9/2023,timisonne,rfouracrene
844,160,http://dummyimage.com/200x100.png/5fa2dd/ffffff,8/6/2023,5/30/2023,mprovernf,fvaggersnf
845,568,http://dummyimage.com/167x100.png/cc0000/ffffff,5/4/2023,7/12/2023,aschoroderng,wmaseykng
846,125,http://dummyimage.com/140x100.png/dddddd/000000,12/16/2023,4/22/2023,echaggnh,gdarlingnh
847,223,http://dummyimage.com/232x100.png/5fa2dd/ffffff,7/12/2023,4/2/2023,hstreetni,ajaquetni
848,405,http://dummyimage.com/153x100.png/dddddd/000000,8/27/2023,3/31/2023,alillicropnj,tdahlenj
849,809,http://dummyimage.com/102x100.png/dddddd/000000,12/30/2023,4/25/2023,lmacturloughnk,cpirazzink
850,478,http://dummyimage.com/109x100.png/dddddd/000000,4/14/2023,9/4/2023,bflyenl,bbortonnl
851,645,http://dummyimage.com/238x100.png/dddddd/000000,7/23/2023,10/21/2023,jtathacottnm,tlambotnm
852,905,http://dummyimage.com/232x100.png/dddddd/000000,4/5/2023,3/15/2023,rwatmoughnn,tchallenornn
853,358,http://dummyimage.com/184x100.png/5fa2dd/ffffff,8/13/2023,7/11/2023,vgadsdonno,ltabardno
854,734,http://dummyimage.com/212x100.png/dddddd/000000,11/1/2023,4/13/2023,stroupnp,geccottnp
855,166,http://dummyimage.com/195x100.png/dddddd/000000,7/1/2023,10/30/2023,gbroadistnq,mdoicknq
856,260,http://dummyimage.com/250x100.png/5fa2dd/ffffff,1/10/2024,1/30/2024,chearnnr,ggyvernr
857,978,http://dummyimage.com/220x100.png/ff4444/ffffff,1/18/2024,10/16/2023,rtunmorens,towensonns
858,504,http://dummyimage.com/241x100.png/dddddd/000000,1/17/2024,6/10/2023,hfilewoodnt,dvardonnt
859,153,http://dummyimage.com/117x100.png/5fa2dd/ffffff,7/7/2023,7/5/2023,dpapierznu,ppattillonu
860,424,http://dummyimage.com/196x100.png/ff4444/ffffff,12/22/2023,4/17/2023,nhubbucknv,cskepnv
861,688,http://dummyimage.com/220x100.png/ff4444/ffffff,2/23/2023,3/3/2023,mguidennw,pcopelandnw
862,924,http://dummyimage.com/174x100.png/5fa2dd/ffffff,11/21/2023,11/5/2023,dbloynx,juwinsnx
863,587,http://dummyimage.com/136x100.png/dddddd/000000,11/14/2023,1/18/2024,aklempkeny,jrichardetny
864,474,http://dummyimage.com/148x100.png/5fa2dd/ffffff,6/2/2023,1/7/2024,speploenz,epeirpointnz
865,654,http://dummyimage.com/190x100.png/5fa2dd/ffffff,6/30/2023,9/11/2023,epelmano0,istedmondo0
866,808,http://dummyimage.com/164x100.png/5fa2dd/ffffff,3/10/2023,7/2/2023,cgisburno1,pechelleo1
867,522,http://dummyimage.com/249x100.png/5fa2dd/ffffff,3/9/2023,5/18/2023,aallicocko2,rbussono2
868,114,http://dummyimage.com/125x100.png/cc0000/ffffff,7/26/2023,3/21/2023,hbuddello3,awyleso3
869,561,http://dummyimage.com/212x100.png/cc0000/ffffff,11/19/2023,1/31/2024,eaustono4,oprinceo4
870,245,http://dummyimage.com/102x100.png/5fa2dd/ffffff,3/22/2023,3/7/2023,cplaceo5,egephearto5
871,914,http://dummyimage.com/230x100.png/cc0000/ffffff,2/12/2023,6/5/2023,dturneuxo6,neadmeadeso6
872,239,http://dummyimage.com/181x100.png/dddddd/000000,5/21/2023,10/30/2023,dboribalo7,jhastlero7
873,843,http://dummyimage.com/142x100.png/5fa2dd/ffffff,1/27/2024,3/7/2023,opaigeo8,vgarleyo8
874,593,http://dummyimage.com/204x100.png/5fa2dd/ffffff,3/31/2023,4/8/2023,dhartroppo9,ewaddamo9
875,681,http://dummyimage.com/148x100.png/5fa2dd/ffffff,7/4/2023,2/20/2023,mbaribaloa,spalayoa
876,31,http://dummyimage.com/159x100.png/cc0000/ffffff,6/3/2023,8/24/2023,cbettertonob,dheaphyob
877,432,http://dummyimage.com/103x100.png/ff4444/ffffff,7/19/2023,6/13/2023,pshorthouseoc,ahupkaoc
878,130,http://dummyimage.com/126x100.png/cc0000/ffffff,12/21/2023,2/16/2023,rcongramod,htegellerod
879,38,http://dummyimage.com/244x100.png/ff4444/ffffff,6/3/2023,10/11/2023,awatsamoe,jboswoodoe
880,237,http://dummyimage.com/112x100.png/cc0000/ffffff,5/8/2023,8/9/2023,gpaddickof,klacazeof
881,906,http://dummyimage.com/187x100.png/cc0000/ffffff,5/30/2023,4/18/2023,jstuehmeyerog,dwhistanog
882,932,http://dummyimage.com/191x100.png/dddddd/000000,1/5/2024,11/2/2023,aspeechlyoh,hjanuszewskioh
883,57,http://dummyimage.com/224x100.png/5fa2dd/ffffff,6/27/2023,8/25/2023,sofiellyoi,fiacabuccioi
884,639,http://dummyimage.com/127x100.png/5fa2dd/ffffff,7/2/2023,5/8/2023,afortyeoj,fvaughtonoj
885,36,http://dummyimage.com/118x100.png/dddddd/000000,7/31/2023,10/19/2023,rblythinok,hrivelonok
886,878,http://dummyimage.com/156x100.png/ff4444/ffffff,12/22/2023,9/9/2023,wbeazeol,apagramol
887,187,http://dummyimage.com/187x100.png/ff4444/ffffff,9/22/2023,9/16/2023,rnelmom,achristauffourom
888,70,http://dummyimage.com/211x100.png/5fa2dd/ffffff,6/11/2023,2/8/2023,jveiverson,gpudneron
889,970,http://dummyimage.com/234x100.png/ff4444/ffffff,9/21/2023,5/5/2023,rhrachovecoo,kdemareoo
890,90,http://dummyimage.com/188x100.png/dddddd/000000,12/2/2023,12/1/2023,bdearthop,rlecountop
891,188,http://dummyimage.com/187x100.png/5fa2dd/ffffff,11/17/2023,9/18/2023,sboleynoq,abartoszewiczoq
892,749,http://dummyimage.com/139x100.png/ff4444/ffffff,8/22/2023,10/20/2023,jbirtwhistleor,mbreartyor
893,471,http://dummyimage.com/138x100.png/5fa2dd/ffffff,2/26/2023,3/20/2023,lginnetyos,ekilduffos
894,758,http://dummyimage.com/192x100.png/cc0000/ffffff,11/3/2023,12/2/2023,jhuntarot,cmckibbinot
895,50,http://dummyimage.com/111x100.png/cc0000/ffffff,5/17/2023,8/24/2023,mkilpinou,rpasleyou
896,474,http://dummyimage.com/234x100.png/ff4444/ffffff,1/13/2024,7/12/2023,cstallardov,mreisenbergov
897,465,http://dummyimage.com/135x100.png/cc0000/ffffff,7/17/2023,10/13/2023,rabrahamsohnow,doakwoodow
898,91,http://dummyimage.com/242x100.png/dddddd/000000,8/20/2023,8/26/2023,mhowisox,kthurlbyox
899,539,http://dummyimage.com/132x100.png/5fa2dd/ffffff,8/1/2023,7/16/2023,jpittemoy,tnutbeanoy
900,145,http://dummyimage.com/226x100.png/dddddd/000000,3/26/2023,8/20/2023,hbankesoz,gmapplethorpeoz
901,285,http://dummyimage.com/188x100.png/cc0000/ffffff,3/14/2023,5/11/2023,awiburnp0,lfieldingp0
902,311,http://dummyimage.com/123x100.png/ff4444/ffffff,5/18/2023,5/9/2023,gforstp1,jtabbernorp1
903,718,http://dummyimage.com/236x100.png/dddddd/000000,12/4/2023,12/22/2023,abaughp2,klorenzinp2
904,258,http://dummyimage.com/191x100.png/dddddd/000000,10/24/2023,4/4/2023,ljosefsenp3,nkellandp3
905,360,http://dummyimage.com/138x100.png/dddddd/000000,3/1/2023,1/9/2024,achildesp4,lstrangmanp4
906,167,http://dummyimage.com/123x100.png/cc0000/ffffff,2/21/2023,6/4/2023,yharrymanp5,kmcteaguep5
907,244,http://dummyimage.com/168x100.png/cc0000/ffffff,11/3/2023,5/22/2023,gsiemianowiczp6,atointonp6
908,274,http://dummyimage.com/201x100.png/5fa2dd/ffffff,2/9/2023,8/24/2023,jpercyp7,tparrishp7
909,89,http://dummyimage.com/196x100.png/5fa2dd/ffffff,11/2/2023,4/23/2023,ksleneyp8,pflanneryp8
910,384,http://dummyimage.com/220x100.png/dddddd/000000,7/28/2023,4/24/2023,lhewertsonp9,sshearp9
911,673,http://dummyimage.com/161x100.png/ff4444/ffffff,9/28/2023,6/4/2023,dhelkinpa,canteckipa
912,678,http://dummyimage.com/129x100.png/cc0000/ffffff,8/25/2023,10/25/2023,aoduilleainpb,sgioanpb
913,887,http://dummyimage.com/149x100.png/5fa2dd/ffffff,9/9/2023,12/15/2023,mschuttepc,sfeatleypc
914,117,http://dummyimage.com/125x100.png/ff4444/ffffff,1/21/2024,2/4/2024,amonetipd,dlubbockpd
915,171,http://dummyimage.com/141x100.png/5fa2dd/ffffff,10/11/2023,8/19/2023,zibotsonpe,rgregoracipe
916,938,http://dummyimage.com/233x100.png/5fa2dd/ffffff,10/16/2023,8/20/2023,hchattertonpf,cbalogpf
917,886,http://dummyimage.com/174x100.png/dddddd/000000,9/25/2023,5/1/2023,cduriepg,amontezpg
918,178,http://dummyimage.com/159x100.png/dddddd/000000,12/16/2023,5/15/2023,avaleph,wdalleyph
919,542,http://dummyimage.com/166x100.png/dddddd/000000,1/18/2024,11/8/2023,dbusekpi,farnaldypi
920,240,http://dummyimage.com/106x100.png/ff4444/ffffff,9/7/2023,5/12/2023,cworhampj,awychardpj
921,465,http://dummyimage.com/219x100.png/dddddd/000000,11/19/2023,8/9/2023,ldemepk,jgulstonpk
922,654,http://dummyimage.com/123x100.png/ff4444/ffffff,10/20/2023,4/24/2023,myoulepl,nlebrumpl
923,569,http://dummyimage.com/194x100.png/5fa2dd/ffffff,11/24/2023,1/28/2024,ttrevascuspm,rfradgleypm
924,365,http://dummyimage.com/195x100.png/cc0000/ffffff,4/19/2023,8/23/2023,kwhistancepn,sloydpn
925,618,http://dummyimage.com/222x100.png/cc0000/ffffff,7/28/2023,4/23/2023,emanharepo,zmertonpo
926,893,http://dummyimage.com/230x100.png/ff4444/ffffff,2/14/2023,10/18/2023,memsleypp,gbernspp
927,640,http://dummyimage.com/154x100.png/ff4444/ffffff,10/26/2023,7/6/2023,ahesspq,lnoweakpq
928,184,http://dummyimage.com/153x100.png/5fa2dd/ffffff,12/12/2023,10/17/2023,jplatfootpr,frounsefellpr
929,198,http://dummyimage.com/246x100.png/dddddd/000000,11/18/2023,5/29/2023,mricksonps,tsutorps
930,281,http://dummyimage.com/170x100.png/cc0000/ffffff,12/5/2023,7/12/2023,fbulgenpt,ibustonpt
931,610,http://dummyimage.com/213x100.png/cc0000/ffffff,2/16/2023,6/20/2023,remmanuelipu,egovierpu
932,184,http://dummyimage.com/154x100.png/5fa2dd/ffffff,8/10/2023,5/29/2023,xparbrookpv,asutherleypv
933,35,http://dummyimage.com/239x100.png/dddddd/000000,9/6/2023,10/18/2023,jtrebilcockpw,cschechterpw
934,895,http://dummyimage.com/231x100.png/cc0000/ffffff,3/28/2023,7/30/2023,kgeraudelpx,fmalitrottpx
935,309,http://dummyimage.com/214x100.png/dddddd/000000,10/21/2023,9/28/2023,ritscovitzpy,cdagonpy
936,442,http://dummyimage.com/138x100.png/cc0000/ffffff,10/21/2023,8/25/2023,lspottswoodpz,ybeachpz
937,297,http://dummyimage.com/118x100.png/cc0000/ffffff,7/27/2023,6/20/2023,mmorettoq0,rtrenbayq0
938,643,http://dummyimage.com/232x100.png/cc0000/ffffff,7/13/2023,6/11/2023,rwestcarq1,alambalq1
939,890,http://dummyimage.com/130x100.png/ff4444/ffffff,4/24/2023,12/25/2023,ddevonsideq2,jjerzakq2
940,221,http://dummyimage.com/221x100.png/5fa2dd/ffffff,11/11/2023,4/6/2023,ahughlinq3,tcolcloughq3
941,778,http://dummyimage.com/210x100.png/dddddd/000000,3/17/2023,1/13/2024,gpontq4,gkrochmannq4
942,453,http://dummyimage.com/101x100.png/5fa2dd/ffffff,4/17/2023,12/10/2023,vkinleysideq5,nhallifaxq5
943,1,http://dummyimage.com/217x100.png/cc0000/ffffff,1/23/2024,2/23/2023,aswynleyq6,bmacguffogq6
944,85,http://dummyimage.com/151x100.png/dddddd/000000,6/30/2023,2/9/2023,jfloresq7,sdoggrellq7
945,582,http://dummyimage.com/192x100.png/dddddd/000000,12/19/2023,5/24/2023,ksutterq8,blenteq8
946,819,http://dummyimage.com/188x100.png/ff4444/ffffff,6/27/2023,10/6/2023,btwycrossq9,kderryq9
947,727,http://dummyimage.com/128x100.png/5fa2dd/ffffff,3/22/2023,2/20/2023,lbeardqa,dcharretteqa
948,821,http://dummyimage.com/147x100.png/5fa2dd/ffffff,1/9/2024,10/8/2023,eworlidgeqb,agehringqb
949,784,http://dummyimage.com/228x100.png/dddddd/000000,7/23/2023,12/12/2023,gvuittonqc,tbixleyqc
950,354,http://dummyimage.com/140x100.png/dddddd/000000,6/26/2023,9/11/2023,odouldenqd,roppieqd
951,279,http://dummyimage.com/168x100.png/dddddd/000000,9/25/2023,6/27/2023,cferrarettoqe,ssignoriqe
952,456,http://dummyimage.com/166x100.png/5fa2dd/ffffff,5/3/2023,10/29/2023,mmacnamaraqf,mlervenqf
953,716,http://dummyimage.com/226x100.png/cc0000/ffffff,7/30/2023,8/22/2023,koxleyqg,rsmithqg
954,26,http://dummyimage.com/159x100.png/cc0000/ffffff,12/29/2023,1/14/2024,sbeverageqh,aorchardqh
955,136,http://dummyimage.com/115x100.png/cc0000/ffffff,8/6/2023,9/11/2023,wsparhawkqi,ckirbyqi
956,713,http://dummyimage.com/242x100.png/cc0000/ffffff,11/1/2023,2/20/2023,bheasmanqj,dbeverstockqj
957,996,http://dummyimage.com/243x100.png/5fa2dd/ffffff,4/29/2023,7/11/2023,bleamyqk,sfollittqk
958,670,http://dummyimage.com/241x100.png/dddddd/000000,7/27/2023,4/11/2023,dcocheql,fpaulettiql
959,836,http://dummyimage.com/230x100.png/5fa2dd/ffffff,5/9/2023,7/8/2023,gfirthqm,jvigorsqm
960,53,http://dummyimage.com/243x100.png/ff4444/ffffff,6/27/2023,2/27/2023,clordonqn,lrothmanqn
961,811,http://dummyimage.com/126x100.png/dddddd/000000,8/26/2023,6/17/2023,rgisckenqo,dpaddleqo
962,171,http://dummyimage.com/149x100.png/cc0000/ffffff,6/7/2023,6/23/2023,cvanbruggenqp,ostrevensqp
963,433,http://dummyimage.com/163x100.png/dddddd/000000,5/19/2023,1/27/2024,aheeneyqq,tshernockqq
964,651,http://dummyimage.com/135x100.png/5fa2dd/ffffff,12/14/2023,2/27/2023,gbiersqr,rlandeauxqr
965,946,http://dummyimage.com/200x100.png/ff4444/ffffff,1/6/2024,7/24/2023,lskullyqs,cantonescuqs
966,419,http://dummyimage.com/161x100.png/dddddd/000000,4/18/2023,5/14/2023,gbrummellqt,zeddinsqt
967,634,http://dummyimage.com/103x100.png/5fa2dd/ffffff,6/24/2023,8/28/2023,predingtonqu,cmilsomqu
968,790,http://dummyimage.com/166x100.png/5fa2dd/ffffff,3/2/2023,2/6/2023,dbenbrickqv,vbrickellqv
969,988,http://dummyimage.com/121x100.png/dddddd/000000,3/9/2023,6/15/2023,nprestigeqw,lmoranqw
970,804,http://dummyimage.com/201x100.png/5fa2dd/ffffff,12/29/2023,11/14/2023,vilyinskiqx,bstruisqx
971,416,http://dummyimage.com/122x100.png/5fa2dd/ffffff,12/21/2023,4/7/2023,sscarffqy,cbrammallqy
972,305,http://dummyimage.com/187x100.png/ff4444/ffffff,3/11/2023,3/18/2023,smostonqz,nhynsonqz
973,848,http://dummyimage.com/245x100.png/cc0000/ffffff,8/22/2023,4/28/2023,gfinlasonr0,bphalipr0
974,569,http://dummyimage.com/244x100.png/cc0000/ffffff,6/21/2023,7/26/2023,gcastanhor1,lolivazzir1
975,936,http://dummyimage.com/188x100.png/ff4444/ffffff,10/2/2023,5/18/2023,bdutnellr2,dboyfieldr2
976,158,http://dummyimage.com/140x100.png/5fa2dd/ffffff,9/5/2023,5/30/2023,gstukingsr3,rkinnettr3
977,427,http://dummyimage.com/127x100.png/ff4444/ffffff,1/5/2024,11/7/2023,aloadwickr4,sbartolr4
978,312,http://dummyimage.com/149x100.png/cc0000/ffffff,6/23/2023,9/9/2023,ntunnicliffer5,hcasleyr5
979,802,http://dummyimage.com/183x100.png/cc0000/ffffff,5/8/2023,8/19/2023,eiacovazzir6,sjanicekr6
980,612,http://dummyimage.com/202x100.png/cc0000/ffffff,2/22/2023,6/18/2023,crignoldesr7,snussgenr7
981,283,http://dummyimage.com/158x100.png/5fa2dd/ffffff,10/10/2023,6/25/2023,ssharkeyr8,zedgesonr8
982,488,http://dummyimage.com/201x100.png/5fa2dd/ffffff,11/11/2023,5/29/2023,ldennesr9,mdeetlefsr9
983,315,http://dummyimage.com/225x100.png/cc0000/ffffff,2/16/2023,12/19/2023,mchooterra,mstrathera
984,753,http://dummyimage.com/248x100.png/dddddd/000000,7/14/2023,12/31/2023,dadolfsenrb,aledgardrb
985,559,http://dummyimage.com/115x100.png/cc0000/ffffff,6/16/2023,11/6/2023,aseniourrc,cmicheurc
986,61,http://dummyimage.com/136x100.png/cc0000/ffffff,6/21/2023,6/27/2023,vreadettrd,npartonrd
987,476,http://dummyimage.com/132x100.png/dddddd/000000,10/11/2023,6/6/2023,iyakubovicsre,ddishmonre
988,403,http://dummyimage.com/216x100.png/cc0000/ffffff,9/24/2023,8/4/2023,oaugurrf,ljaquemerf
989,23,http://dummyimage.com/123x100.png/dddddd/000000,10/5/2023,2/8/2023,jcorteserg,cretterrg
990,682,http://dummyimage.com/179x100.png/ff4444/ffffff,4/19/2023,10/4/2023,lwymerrh,tistonrh
991,231,http://dummyimage.com/131x100.png/5fa2dd/ffffff,1/3/2024,5/13/2023,sgasgarthri,fgobeauxri
992,858,http://dummyimage.com/247x100.png/5fa2dd/ffffff,2/12/2023,12/16/2023,mhopewellrj,ladrianrj
993,534,http://dummyimage.com/160x100.png/5fa2dd/ffffff,12/17/2023,10/13/2023,npigdonrk,lmaccrossonrk
994,448,http://dummyimage.com/127x100.png/cc0000/ffffff,3/1/2023,5/5/2023,cwreakrl,dahlinrl
995,920,http://dummyimage.com/122x100.png/ff4444/ffffff,10/23/2023,5/26/2023,jburkinshawrm,smckevittrm
996,873,http://dummyimage.com/161x100.png/5fa2dd/ffffff,8/21/2023,8/18/2023,dandrysekrn,nkinigrn
997,943,http://dummyimage.com/203x100.png/cc0000/ffffff,3/27/2023,6/12/2023,hrawro,amarkushkinro
998,683,http://dummyimage.com/219x100.png/cc0000/ffffff,4/17/2023,11/5/2023,rmuscottrp,celverstonrp
999,40,http://dummyimage.com/139x100.png/5fa2dd/ffffff,5/19/2023,12/2/2023,eportalrq,ngarterrq
1000,356,http://dummyimage.com/137x100.png/dddddd/000000,2/4/2024,1/4/2024,dmacgeaneyrr,mkuhwaldrr
